name,nTracks,danceability,energy,loudness,speechiness,acousticness,instrumentalness,liveness,valence,tempo
CNCO, 3, 2.08, 2.564, 11.581, 0.2469, 0.5849, 0.0, 0.6642999999999999, 1.807, 277.767, 
Shakira, 4, 3.053, 3.287, 12.219, 0.4846, 0.7779999999999999, 0.00031099999999999997, 0.39280000000000004, 3.6700000000000004, 493.19800000000004, 
Zion & Lennox, 1, 0.832, 0.772, 5.429, 0.1, 0.0559, 0.000486, 0.44, 0.704, 96.016, 
Ricky Martin, 1, 0.663, 0.92, 4.07, 0.226, 0.00431, 1.69e-05, 0.101, 0.533, 99.935, 
J Balvin, 7, 5.039000000000001, 5.119, 35.327999999999996, 1.0578999999999998, 1.4543000000000004, 0.00275162, 1.318, 4.562, 792.919, 
Carlos Vives, 3, 2.226, 2.706, 10.649, 0.22740000000000002, 0.3708, 2.32e-06, 1.061, 2.271, 370.03, 
IAmChino, 1, 0.761, 0.829, 3.203, 0.0681, 0.167, 0.0, 0.189, 0.813, 92.033, 
Chino & Nacho, 1, 0.68, 0.954, 1.823, 0.119, 0.0244, 0.0, 0.112, 0.521, 104.029, 
Sebastian Yatra, 3, 2.267, 2.335, 10.918, 0.2918, 0.2791, 1.71e-06, 0.5469999999999999, 2.1399999999999997, 364.066, 
Daddy Yankee, 3, 2.314, 2.0229999999999997, 12.435, 0.3792, 0.38, 0.0, 0.5031, 1.979, 394.048, 
DJ Snake, 1, 0.476, 0.718, 5.309, 0.0576, 0.0784, 1.02e-05, 0.122, 0.142, 199.864, 
Wisin, 3, 2.318, 2.5730000000000004, 11.234000000000002, 0.2999, 0.33, 6.09e-05, 0.6723, 1.8619999999999999, 280.074, 
The Chainsmokers, 6, 3.9819999999999993, 3.565, 44.63, 0.352, 0.9803, 0.00740415, 0.9149, 2.175, 647.807, 
Ozuna, 10, 7.455, 6.837999999999999, 58.029999999999994, 1.0099, 2.1368, 0.0134133, 1.4853, 6.243, 1402.356, 
Ed Sheeran, 18, 11.641, 10.058, 104.46799999999999, 1.2577, 7.313599999999999, 0.0004754, 2.3956999999999993, 9.556999999999999, 1908.5089999999996, 
Luis Fonsi, 3, 2.0780000000000003, 2.496, 12.702000000000002, 0.33110000000000006, 0.4702, 0.0, 0.3014, 2.299, 362.786, 
Nicky Jam, 2, 1.368, 1.422, 10.654, 0.1362, 0.44699999999999995, 0.0, 0.2122, 1.518, 357.822, 
Danny Ocean, 3, 2.292, 2.342, 18.626, 0.21550000000000002, 0.1296, 0.0, 0.1908, 1.323, 309.633, 
Enrique Iglesias, 1, 0.684, 0.823, 3.297, 0.0773, 0.0744, 0.0, 0.111, 0.647, 91.048, 
Kygo, 5, 3.183, 2.7409999999999997, 32.069, 0.3616, 1.409, 6.755e-05, 0.7825, 2.3360000000000003, 558.968, 
Anuel Aa, 2, 1.42, 1.329, 11.763, 0.21949999999999997, 1.207, 5.71e-06, 0.1613, 1.217, 266.774, 
Nacho, 2, 1.608, 1.7349999999999999, 9.027000000000001, 0.2297, 0.41100000000000003, 0.0022652899999999997, 0.11929999999999999, 1.271, 192.04, 
Pitbull, 2, 1.232, 1.537, 8.507, 0.37, 0.0829, 6.18e-06, 0.431, 1.0350000000000001, 243.462, 
Maluma, 4, 3.239, 2.733, 19.309, 0.4361, 0.8003, 2.6850000000000002e-05, 0.966, 2.2737, 467.01, 
Chris Jeday, 1, 0.708, 0.693, 5.516, 0.138, 0.246, 0.0, 0.129, 0.427, 143.965, 
Manuel Turizo, 3, 2.158, 1.617, 24.330000000000002, 0.5584, 1.2870000000000001, 0.0, 0.6276999999999999, 1.7449999999999999, 375.98400000000004, 
Felipe Pel√°ez, 1, 0.797, 0.777, 5.499, 0.0772, 0.237, 0.0, 0.128, 0.575, 99.987, 
Becky G, 1, 0.743, 0.855, 3.976, 0.0436, 0.141, 0.0045, 0.099, 0.871, 96.989, 
Joey Montana, 1, 0.688, 0.859, 4.447, 0.0609, 0.186, 0.0, 0.121, 0.695, 92.042, 
Alex Sensation, 1, 0.771, 0.835, 3.388, 0.0507, 0.13, 0.0, 0.0601, 0.817, 91.012, 
Natti Natasha, 2, 1.63, 1.619, 6.046, 0.1124, 0.06470000000000001, 0.0001834, 0.51, 1.661, 159.98399999999998, 
Valentino, 1, 0.767, 0.705, 6.221, 0.0521, 0.342, 0.0, 0.25, 0.52, 94.013, 
Piso 21, 4, 2.941, 3.17, 18.451, 0.2376, 0.7687, 1.3e-06, 0.38, 2.7430000000000003, 451.123, 
, 3, 1.9699999999999998, 2.085, 15.625, 0.1648, 0.4532, 1.622e-05, 0.4096, 1.6150000000000002, 439.04, 
Bad Bunny, 8, 6.449000000000001, 5.089, 39.457, 1.4663, 3.584, 0.00793, 0.9088999999999999, 3.8540000000000005, 913.9680000000001, 
Anitta, 4, 3.1639999999999997, 2.8440000000000003, 18.818, 0.4677, 0.6474000000000001, 0.19111896, 0.5462, 2.9339999999999997, 574.99, 
Wolfine, 2, 1.818, 0.986, 13.376, 0.147, 0.256, 0.000294, 0.254, 1.688, 188.032, 
Drake, 18, 14.475000000000001, 9.184, 158.09000000000003, 2.6454, 2.8221399999999996, 0.6917364, 4.008100000000001, 6.1503000000000005, 2100.854, 
The Weeknd, 2, 1.4540000000000002, 1.4129999999999998, 12.974, 0.39999999999999997, 0.591, 3.49e-06, 0.20190000000000002, 1.12, 279.044, 
Bruno Mars, 4, 2.953, 2.796, 20.329, 0.2653, 0.2615, 0.0, 0.35190000000000005, 2.7190000000000003, 520.303, 
Calvin Harris, 4, 3.184, 3.2479999999999998, 12.761999999999999, 0.20879999999999999, 1.1537, 3.962e-05, 0.7633, 2.43, 429.139, 
Nekfeu, 3, 2.584, 2.155, 21.247, 0.6101, 1.396, 1.55e-06, 0.3764, 1.0558, 328.014, 
MHD, 2, 1.8900000000000001, 1.6720000000000002, 10.575, 0.628, 0.16749999999999998, 0.0752, 0.1986, 1.274, 245.152, 
Rae Sremmurd, 1, 0.794, 0.632, 6.163, 0.0649, 0.142, 0.0, 0.128, 0.355, 145.926, 
Kaaris, 3, 2.283, 2.0949999999999998, 18.351, 0.8786, 1.4020000000000001, 1.38e-06, 0.4096, 1.654, 404.769, 
Clean Bandit, 3, 2.065, 2.05, 14.967, 0.1542, 0.91, 1.977e-05, 0.4099, 1.5290000000000001, 329.904, 
Petit Biscuit, 1, 0.783, 0.467, 9.474, 0.0503, 0.729, 0.809, 0.109, 0.236, 90.838, 
Rag'n'Bone Man, 2, 1.1669999999999998, 1.452, 11.83, 0.612, 0.658, 0.0, 0.312, 0.906, 245.744, 
PNL, 2, 1.472, 1.269, 14.655999999999999, 0.1455, 0.883, 0.000175, 0.22799999999999998, 1.1280000000000001, 191.06900000000002, 
Vianney, 1, 0.635, 0.469, 8.851, 0.0428, 0.715, 5.02e-06, 0.133, 0.281, 146.995, 
KeBlack, 1, 0.772, 0.783, 6.257, 0.0353, 0.336, 0.0, 0.163, 0.71, 103.079, 
Burak Yeter, 2, 1.68, 1.284, 12.136, 0.1498, 0.0315, 0.0882, 0.1114, 1.315, 197.974, 
ZAYN, 2, 0.993, 0.888, 14.967, 0.0975, 0.16410000000000002, 1.4269999999999999e-05, 0.431, 0.1829, 298.016, 
Sofiane, 3, 2.0789999999999997, 2.332, 13.36, 0.9219999999999999, 0.9418, 0.0, 0.641, 1.598, 359.866, 
Lacrim, 18, 13.676000000000004, 11.591999999999999, 136.074, 4.603600000000001, 4.1334, 0.002405740000000001, 2.4896999999999996, 6.6803, 2286.1369999999997, 
Starley, 1, 0.67, 0.838, 4.031, 0.0362, 0.0604, 0.000611, 0.159, 0.717, 104.998, 
Ofenbach, 2, 1.616, 1.459, 12.408999999999999, 0.1049, 0.22010000000000002, 0.0006464, 0.13190000000000002, 1.377, 248.012, 
Martin Garrix, 5, 2.779, 2.7720000000000002, 36.425000000000004, 0.27399999999999997, 0.7818, 0.0, 1.315, 0.847, 664.8140000000001, 
Jax Jones, 3, 2.6399999999999997, 1.996, 18.167, 0.41400000000000003, 0.486, 0.0, 0.4627, 2.036, 371.96799999999996, 
Future, 1, 0.833, 0.434, 8.795, 0.431, 0.0102, 0.0219, 0.165, 0.281, 150.062, 
SCH, 3, 2.0220000000000002, 2.222, 18.899, 0.78, 1.0421999999999998, 0.0267, 0.2828, 0.945, 321.882, 
Benash, 1, 0.715, 0.703, 6.687, 0.165, 0.367, 0.0, 0.147, 0.569, 88.47, 
Kendrick Lamar, 12, 8.129999999999999, 6.908, 101.79, 3.2018000000000004, 2.1003220000000002, 0.09940270999999999, 2.3143000000000002, 5.871, 1588.4240000000002, 
Damso, 10, 7.295, 6.083, 79.194, 1.3741, 3.2374, 0.00052176, 0.8721, 4.397, 1367.482, 
DJ Khaled, 3, 1.879, 2.007, 11.645, 0.1422, 0.1414, 0.0, 0.41900000000000004, 2.2600000000000002, 259.88800000000003, 
Mister V, 7, 5.191000000000001, 4.854, 43.551, 1.1524, 1.5173899999999998, 1.25e-05, 1.0994000000000002, 4.311, 1000.425, 
Jason Derulo, 2, 1.541, 1.5259999999999998, 8.408999999999999, 0.1804, 0.0983, 0.0, 0.281, 1.4020000000000001, 196.12599999999998, 
Lartiste, 2, 1.51, 1.447, 11.021, 0.24280000000000002, 0.4502, 0.0, 0.1709, 1.5779999999999998, 224.957, 
Charlie Puth, 4, 3.2139999999999995, 2.401, 22.687, 0.3361, 1.0769, 3.481e-05, 0.4223, 2.798, 420.056, 
David Guetta, 1, 0.548, 0.65, 5.827, 0.0591, 0.219, 0.0, 0.225, 0.557, 144.937, 
√?dyssey, 1, 0.691, 0.768, 4.247, 0.0924, 0.144, 0.0, 0.142, 0.526, 110.977, 
French Montana, 2, 1.452, 1.538, 10.086, 0.246, 0.0586, 0.0202, 0.208, 1.466, 195.97, 
Jul, 1, 0.828, 0.801, 5.907, 0.0924, 0.286, 9.67e-06, 0.362, 0.778, 127.971, 
Booba, 11, 8.569, 7.874, 50.583000000000006, 2.0522, 5.428000000000001, 0.018363780000000007, 1.0725999999999998, 5.701, 1468.967, 
Ninho, 10, 7.478, 6.491, 71.79, 2.831, 3.7309999999999994, 0.0, 1.9316999999999998, 4.146000000000001, 1284.61, 
Niska, 12, 9.939, 7.855, 69.15500000000002, 2.3280000000000003, 2.459, 1.05e-05, 1.4248, 4.927999999999999, 1635.9759999999999, 
Imagine Dragons, 6, 3.9000000000000004, 4.524, 29.57, 0.41669999999999996, 0.16115, 0.36000881, 0.8330000000000001, 2.5617, 852.7800000000001, 
Jonas Blue, 3, 2.222, 2.373, 12.619, 0.1366, 0.309, 0.0, 0.15910000000000002, 1.6090000000000002, 312.11800000000005, 
Macklemore, 2, 1.462, 1.588, 10.252, 0.1044, 0.0646, 5.18e-05, 0.224, 0.712, 279.988, 
Siboy, 1, 0.812, 0.803, 5.386, 0.141, 0.11, 0.0, 0.0637, 0.93, 123.066, 
Alonzo, 1, 0.519, 0.843, 6.432, 0.189, 0.0158, 6.42e-06, 0.245, 0.556, 120.015, 
Hornet La Frappe, 2, 1.669, 1.3940000000000001, 12.565999999999999, 0.268, 0.839, 0.0, 0.38, 0.631, 273.926, 
Camila Cabello, 3, 1.8530000000000002, 1.7129999999999999, 14.193, 0.44630000000000003, 0.918, 6.08e-05, 0.4, 1.3699999999999999, 295.25, 
Orelsan, 11, 7.736, 7.734, 65.369, 2.8048, 3.2138999999999998, 5.54e-05, 1.6723000000000001, 5.178999999999999, 1303.755, 
Sadek, 1, 0.678, 0.869, 6.354, 0.291, 0.0895, 3.22e-06, 0.164, 0.457, 103.385, 
Kalash, 2, 1.566, 1.077, 13.661, 0.1658, 0.46499999999999997, 0.0, 0.211, 0.61, 310.04200000000003, 
Post Malone, 5, 3.108, 3.083, 28.382, 0.3346, 1.1749, 0.0002173, 0.8074, 1.4769999999999999, 676.6669999999999, 
Dadju, 2, 1.053, 1.0750000000000002, 16.162, 0.3011, 1.083, 0.0, 0.1822, 1.421, 205.35, 
Lil Pump, 1, 0.936, 0.523, 6.71, 0.0597, 0.239, 0.0, 0.117, 0.699, 119.889, 
Johnny Hallyday, 2, 0.878, 0.881, 22.716, 0.1197, 0.6851, 0.0, 0.448, 0.71, 236.25, 
Mariah Carey, 1, 0.335, 0.625, 7.462, 0.0386, 0.164, 0.0, 0.0708, 0.346, 150.277, 
Wham!, 1, 0.735, 0.478, 12.472, 0.0293, 0.189, 2.48e-06, 0.355, 0.947, 107.682, 
Frank Sinatra, 1, 0.603, 0.321, 11.489, 0.0599, 0.881, 0.0, 0.34, 0.844, 143.104, 
The Drifters, 1, 0.61, 0.318, 12.26, 0.0303, 0.165, 0.00227, 0.115, 0.453, 62.557, 
Michael Bubl√©, 3, 1.699, 1.285, 25.264, 0.1322, 2.4059999999999997, 9.21e-06, 0.5782, 1.9289999999999998, 367.46500000000003, 
Vald, 1, 0.745, 0.494, 8.367, 0.354, 0.426, 0.0, 0.116, 0.397, 150.08, 
France Gall, 1, 0.677, 0.856, 7.177, 0.0506, 0.498, 2.64e-05, 0.0659, 0.949, 105.977, 
Rombai, 2, 1.2730000000000001, 1.481, 13.114, 0.22719999999999999, 0.2071, 0.0024668999999999997, 0.458, 1.8290000000000002, 310.712, 
MC Kevinho, 4, 3.098, 2.649, 19.247, 0.5925, 1.075, 7.63e-05, 0.41359999999999997, 2.72, 443.8689999999999, 
DJ Jonathan, 1, 0.726, 0.705, 4.458, 0.0636, 0.247, 0.0, 0.409, 0.39, 120.053, 
Farruko, 4, 3.048, 2.348, 24.648, 0.3973, 0.30310000000000004, 0.0, 0.632, 1.641, 536.0980000000001, 
Duki, 1, 0.854, 0.556, 4.49, 0.14, 0.345, 0.0, 0.165, 0.342, 119.938, 
Cazzu, 1, 0.834, 0.753, 3.011, 0.0486, 0.342, 0.0, 0.108, 0.462, 113.058, 
Arttu Lindeman, 4, 2.704, 2.9299999999999997, 21.441000000000003, 0.5556, 0.916, 3.68e-06, 1.3001, 2.357, 502.86899999999997, 
Alan Walker, 4, 2.678, 3.194, 19.198, 0.2011, 0.5531999999999999, 0.0023150000000000002, 0.7193, 1.51, 446.946, 
Mikael Gabriel, 7, 4.063, 5.071, 37.63900000000001, 0.6418, 0.37468, 0.000507, 1.2861, 3.79, 786.8729999999999, 
Profeetat, 6, 3.873, 4.951, 30.229999999999997, 0.9017, 0.36819999999999997, 0.0, 1.7020000000000002, 2.91, 650.697, 
Steve Aoki, 1, 0.647, 0.932, 3.515, 0.0824, 0.00383, 1.5e-06, 0.0574, 0.374, 114.991, 
Nikke Ankara, 5, 3.681, 3.795, 25.279, 0.3626, 0.79931, 2.12e-06, 0.8302999999999999, 3.448, 539.033, 
Vice, 1, 0.779, 0.671, 5.829, 0.0814, 0.153, 1.12e-05, 0.115, 0.718, 104.953, 
Sage The Gemini, 2, 1.562, 1.14, 11.748, 0.376, 0.546, 0.0, 0.392, 1.716, 214.118, 
Antti Tuisku, 10, 6.815999999999999, 6.744999999999999, 53.11200000000001, 0.6774, 1.7572999999999999, 0.00130739, 1.1568, 6.228, 1347.409, 
M√§kki, 4, 3.0709999999999997, 3.02, 20.895, 0.5715, 0.6668999999999999, 0.0, 0.9097999999999999, 2.7119999999999997, 467.121, 
Jenni Vartiainen, 4, 2.335, 2.7640000000000002, 23.161, 0.3643, 0.932, 3.7e-06, 0.6026, 2.393, 552.394, 
Janne Ord√©n, 1, 0.645, 0.783, 5.412, 0.164, 0.182, 0.0, 0.16, 0.631, 91.084, 
Haloo Helsinki!, 3, 1.562, 2.2720000000000002, 21.286, 0.1863, 0.07019, 0.0018802, 0.756, 1.0570000000000002, 461.882, 
Katy Perry, 4, 2.916, 3.028, 21.499000000000002, 0.3365, 0.22210000000000002, 0.0001161, 0.614, 2.068, 535.72, 
JVG, 12, 8.824, 8.593, 68.862, 1.5184000000000002, 1.7825499999999996, 0.0006197800000000001, 1.7417, 6.54, 1461.247, 
Aleksanteri Hakaniemi, 3, 2.278, 2.5, 16.136, 0.21589999999999998, 0.1218, 0.0, 0.2226, 2.217, 351.03700000000003, 
SANNI, 5, 2.961, 3.1590000000000003, 33.31, 0.2791, 0.7817000000000001, 0.023899, 0.482, 2.572, 610.785, 
Reino Nordin, 2, 1.138, 1.434, 9.278, 0.386, 0.6798, 0.00148, 0.28, 1.4500000000000002, 370.057, 
Laura Voutilainen, 1, 0.798, 0.799, 6.221, 0.0743, 0.0216, 0.0, 0.0818, 0.894, 129.101, 
Robin, 5, 2.8569999999999998, 3.4670000000000005, 26.649, 0.2618, 0.5293, 0.0, 1.135, 2.849, 564.662, 
ALMA, 2, 1.546, 1.486, 8.995000000000001, 0.14529999999999998, 0.637, 1.17e-05, 0.536, 0.9750000000000001, 221.97500000000002, 
Gasellit, 1, 0.8, 0.709, 5.555, 0.142, 0.284, 1.37e-05, 0.15, 0.586, 97.918, 
Portion Boys, 1, 0.756, 0.874, 4.212, 0.0316, 0.00535, 0.0, 0.127, 0.604, 115.033, 
Roope Salminen & Koirat, 1, 0.656, 0.762, 5.009, 0.0451, 0.0972, 0.0, 0.184, 0.609, 99.978, 
Evelina, 3, 1.911, 2.386, 10.189, 0.3569, 0.8059999999999999, 9.31e-06, 0.767, 1.7240000000000002, 471.873, 
Vesala, 1, 0.493, 0.784, 5.064, 0.0548, 0.0101, 0.00215, 0.599, 0.464, 196.072, 
Olli Lindholm, 1, 0.575, 0.913, 3.972, 0.0365, 0.00982, 3.54e-06, 0.302, 0.799, 100.027, 
Teflon Brothers, 2, 1.408, 1.8, 7.56, 0.197, 0.1293, 0.000262, 0.4457, 1.484, 234.99699999999999, 
ItaloBrothers, 1, 0.755, 0.751, 4.034, 0.0748, 0.0635, 0.0, 0.0812, 0.491, 102.002, 
Robin Schulz, 3, 1.7890000000000001, 2.407, 17.308, 0.2136, 0.348, 0.0, 0.509, 1.746, 365.96, 
Yksi Totuus, 1, 0.707, 0.827, 4.444, 0.151, 0.115, 0.0, 0.256, 0.606, 127.996, 
Axwell /\ Ingrosso, 4, 2.585, 3.076, 19.313000000000002, 0.2697, 0.4297, 0.0, 0.9077, 2.301, 484.089, 
Spekti, 1, 0.793, 0.929, 4.047, 0.0913, 0.527, 9.42e-05, 0.266, 0.845, 124.988, 
Petri Nyg√•rd, 2, 1.792, 1.746, 8.186, 0.0869, 0.16670000000000001, 2.42e-06, 0.521, 1.615, 242.021, 
"Hesa√""ij√§", 1, 0.719, 0.861, 4.374, 0.0457, 0.187, 0.0, 0.167, 0.858, 97.995, 
Arttu Wiskari, 1, 0.729, 0.8, 4.568, 0.0694, 0.033, 0.0, 0.436, 0.859, 94.008, 
Ida Paul & Kalle Lindroth, 1, 0.775, 0.506, 8.494, 0.0729, 0.196, 0.0, 0.103, 0.822, 90.058, 
Herrat, 1, 0.721, 0.84, 3.234, 0.039, 0.0331, 0.0, 0.244, 0.387, 124.053, 
Pasi ja Anssi, 1, 0.764, 0.743, 4.241, 0.0336, 0.00411, 0.00779, 0.293, 0.895, 118.003, 
Linkin Park, 7, 4.194, 5.196, 42.685, 0.3445, 1.1243, 1.64e-06, 1.8511, 2.629, 846.409, 
Tuure Boelius, 2, 1.537, 1.302, 8.902, 0.1234, 0.1649, 1.15e-06, 0.1514, 1.318, 274.068, 
Avicii, 6, 4.272, 4.062, 35.693, 0.3441, 0.49579, 0.01521602, 0.3975, 2.6270000000000002, 715.931, 
Dua Lipa, 2, 1.5979999999999999, 1.244, 11.995999999999999, 0.1637, 0.042910000000000004, 1.56e-05, 0.2354, 1.1179999999999999, 213.101, 
Justin Bieber, 3, 2.153, 2.015, 19.875, 0.12079999999999999, 0.51961, 0.0, 0.7011000000000001, 2.152, 371.914, 
Taylor Swift, 6, 4.356, 3.9659999999999997, 39.483000000000004, 0.904, 0.691, 4.437999999999999e-05, 1.01, 2.682, 760.186, 
Slim Mill, 1, 0.878, 0.648, 7.275, 0.159, 0.146, 0.00462, 0.187, 0.783, 120.046, 
Kaija Koo, 1, 0.689, 0.635, 5.764, 0.0879, 0.0126, 0.0, 0.296, 0.811, 97.953, 
Juha Tapio, 1, 0.671, 0.929, 4.011, 0.204, 0.147, 0.0, 0.374, 0.556, 96.01, 
Jari Sillanp√§√§, 1, 0.582, 0.692, 6.535, 0.0493, 0.4, 0.0, 0.156, 0.215, 164.02, 
Cheek, 7, 4.546, 5.002, 46.631, 0.8504, 1.1744, 0.0, 1.7269, 3.433, 919.9110000000001, 
Pyhimys, 1, 0.697, 0.807, 7.248, 0.0762, 0.678, 0.000231, 0.202, 0.361, 99.953, 
OG Ulla-Maija, 1, 0.717, 0.855, 6.014, 0.25, 0.116, 0.0, 0.0627, 0.623, 134.926, 
NF, 2, 1.315, 1.4369999999999998, 11.338000000000001, 0.23299999999999998, 0.628, 0.0, 0.346, 0.905, 296.081, 
Selena Gomez, 3, 2.376, 1.822, 15.712000000000002, 0.1673, 0.33440000000000003, 4.45e-06, 0.31789999999999996, 1.3499999999999999, 369.101, 
Ellinoora, 1, 0.54, 0.623, 7.122, 0.0346, 0.327, 0.0859, 0.208, 0.476, 94.037, 
Eminem, 9, 6.014, 6.159999999999999, 48.955, 2.8349999999999995, 3.3361, 0.0, 3.4021999999999997, 4.976, 972.332, 
ABREU, 1, 0.776, 0.831, 3.069, 0.0792, 0.125, 0.0, 0.307, 0.622, 147.026, 
Pikku G, 1, 0.65, 0.672, 5.85, 0.148, 0.447, 0.0, 0.285, 0.387, 115.052, 
Anniina, 1, 0.759, 0.715, 5.758, 0.0762, 0.486, 1.21e-06, 0.254, 0.495, 110.065, 
G-Eazy, 5, 3.419, 3.775, 25.488, 0.8746, 0.13484000000000002, 0.0, 0.8434, 1.765, 696.115, 
Jean Sibelius, 1, 0.181, 0.188, 19.208, 0.0392, 0.933, 0.887, 0.0989, 0.041, 74.637, 
Sj√∂roos & Vesala, 1, 0.186, 0.125, 16.245, 0.0329, 0.739, 0.145, 0.106, 0.0365, 94.19, 
BESS, 1, 0.958, 0.774, 5.01, 0.0443, 0.211, 0.381, 0.073, 0.69, 127.977, 
Aste, 1, 0.771, 0.873, 4.386, 0.11, 0.442, 0.0, 0.235, 0.428, 90.997, 
Nelli Matula, 1, 0.728, 0.888, 4.191, 0.0636, 0.18, 0.0, 0.139, 0.762, 116.03, 
Sia, 4, 2.649, 2.853, 21.256, 0.3272, 0.6341, 0.002326, 0.6215, 2.165, 416.018, 
Suvi Ter√§sniska, 1, 0.488, 0.511, 6.011, 0.0232, 0.688, 0.0, 0.149, 0.329, 91.916, 
Mikko Harju, 1, 0.413, 0.409, 8.879, 0.0361, 0.259, 0.0, 0.0966, 0.221, 183.815, 
Vesa-Matti Loiri, 1, 0.175, 0.334, 10.127, 0.0326, 0.795, 0.161, 0.108, 0.312, 169.511, 
Katri Helena, 1, 0.55, 0.275, 12.585, 0.0373, 0.73, 0.0, 0.112, 0.302, 146.074, 
Ariana Grande, 4, 2.248, 2.518, 24.909, 0.4878, 0.3282, 3.3e-06, 0.7939999999999999, 1.5350000000000001, 498.49399999999997, 
Martin Jensen, 1, 0.744, 0.836, 2.396, 0.0507, 0.0435, 0.0, 0.194, 0.36, 114.965, 
Noah Cyrus, 1, 0.588, 0.471, 7.287, 0.0577, 0.592, 0.00146, 0.0733, 0.209, 152.881, 
The Vamps, 3, 1.853, 2.136, 19.578, 0.1185, 0.51031, 0.0, 0.7025, 1.782, 410.986, 
Alok, 4, 2.825, 2.774, 23.041999999999998, 0.1395, 1.1486999999999998, 0.01070641, 0.39980000000000004, 1.751, 494.94999999999993, 
James Arthur, 1, 0.358, 0.557, 7.398, 0.059, 0.695, 0.0, 0.0902, 0.494, 85.043, 
Hearts & Colors, 1, 0.595, 0.662, 6.858, 0.0362, 0.0178, 0.0, 0.0804, 0.417, 96.053, 
Julia Michaels, 1, 0.683, 0.427, 6.827, 0.0777, 0.368, 0.0, 0.0604, 0.426, 113.634, 
Alessia Cara, 1, 0.314, 0.555, 9.601, 0.37, 0.157, 0.000108, 0.067, 0.159, 179.666, 
AJR, 2, 1.3450000000000002, 1.279, 9.07, 0.089, 0.264, 0.0, 0.321, 1.334, 247.964, 
Astrid S, 4, 2.829, 2.9050000000000002, 21.806, 0.43489999999999995, 0.5084, 0.00018011999999999998, 0.488, 1.999, 409.016, 
JOWST, 1, 0.693, 0.612, 6.665, 0.0941, 0.117, 0.0, 0.0905, 0.316, 104.014, 
Cezinando, 2, 1.087, 0.878, 21.557000000000002, 0.257, 0.436, 7.72e-05, 0.23399999999999999, 0.681, 229.45, 
TIX, 1, 0.637, 0.8, 5.723, 0.0561, 0.00756, 0.0, 0.0893, 0.568, 154.983, 
Katastrofe, 1, 0.718, 0.782, 7.264, 0.0298, 0.606, 0.0, 0.0473, 0.389, 104.978, 
Hkeem, 1, 0.502, 0.693, 5.772, 0.254, 0.226, 0.0, 0.0774, 0.387, 103.054, 
Maggie Lindemann, 2, 1.406, 1.736, 9.322, 0.0582, 0.3, 0.264, 0.208, 1.466, 242.06, 
Vidar Villa, 1, 0.735, 0.79, 6.111, 0.0288, 0.123, 0.0, 0.296, 0.765, 148.019, 
Miley Cyrus, 1, 0.565, 0.782, 6.413, 0.0506, 0.0577, 4.16e-05, 0.0757, 0.4, 140.004, 
Linda Vidala, 1, 0.92, 0.532, 7.282, 0.431, 0.0182, 0.0, 0.108, 0.643, 96.041, 
OneRepublic, 1, 0.593, 0.868, 3.573, 0.295, 0.183, 0.0, 0.365, 0.496, 104.988, 
Sophie Elise, 1, 0.686, 0.614, 6.478, 0.0611, 0.192, 0.0, 0.115, 0.275, 113.922, 
Louis Tomlinson, 1, 0.683, 0.53, 4.918, 0.142, 0.207, 0.0, 0.394, 0.645, 75.016, 
Marshmello, 2, 1.1560000000000001, 1.714, 6.833, 0.1206, 0.2804, 0.01640496, 0.278, 0.683, 283.98199999999997, 
Sam Smith, 4, 2.2520000000000002, 1.508, 34.188, 0.2158, 2.245, 1.96e-06, 0.6084, 1.778, 448.256, 
Logic, 2, 1.2469999999999999, 1.146, 15.526, 0.0852, 1.138, 1.52e-06, 0.388, 0.713, 200.062, 
Portugal. The Man, 1, 0.801, 0.795, 5.115, 0.0504, 0.0417, 0.000113, 0.0717, 0.754, 79.028, 
Maroon 5, 8, 6.262000000000001, 4.98, 43.575, 0.5900000000000001, 0.9632000000000001, 2.3709999999999998e-05, 0.7093999999999999, 3.387, 859.948, 
Ina Wroldsen, 1, 0.538, 0.595, 7.398, 0.112, 0.0874, 6.48e-06, 0.161, 0.334, 183.736, 
Bebe Rexha, 1, 0.643, 0.783, 6.458, 0.0856, 0.047, 0.0, 0.083, 0.579, 154.084, 
Maria Mena, 1, 0.513, 0.144, 15.021, 0.0457, 0.926, 0.0, 0.117, 0.43, 134.037, 
Kurt Nilsen, 1, 0.299, 0.222, 9.401, 0.0323, 0.877, 0.0, 0.112, 0.36, 81.172, 
Chris Rea, 1, 0.603, 0.705, 7.547, 0.0328, 0.556, 0.000123, 0.342, 0.89, 90.12, 
Karpe Diem, 2, 1.291, 1.0670000000000002, 16.095, 0.44480000000000003, 0.808, 0.001202, 0.2906, 0.573, 267.699, 
The Pogues, 1, 0.319, 0.651, 6.335, 0.0342, 0.501, 4.73e-05, 0.241, 0.474, 118.501, 
Coldplay, 4, 1.5710000000000002, 2.021, 30.265, 0.1286, 1.276, 0.00265331, 0.6066, 0.9349999999999999, 505.48199999999997, 
John Lennon, 1, 0.328, 0.607, 11.076, 0.0315, 0.319, 0.0, 0.765, 0.395, 146.539, 
Freddy Kalas, 1, 0.726, 0.589, 5.591, 0.0528, 0.173, 0.0, 0.0742, 0.577, 79.984, 
Ruben, 1, 0.532, 0.646, 5.137, 0.057, 0.0495, 0.0, 0.108, 0.44, 180.075, 
Machine Gun Kelly, 2, 1.35, 1.4089999999999998, 9.989, 0.359, 0.21813, 0.0, 0.2387, 0.521, 219.887, 
Fabio Rovazzi, 2, 1.457, 1.6360000000000001, 7.260999999999999, 0.1002, 0.028229999999999998, 3.65e-06, 0.3876, 0.949, 278.03, 
J-AX, 7, 4.354, 4.715999999999999, 45.053999999999995, 0.7564, 0.8474, 0.0, 0.7941, 3.492, 683.8729999999999, 
lowlow, 1, 0.683, 0.745, 6.2, 0.28, 0.093, 0.0, 0.127, 0.31, 95.933, 
Ghali, 8, 6.062, 5.9190000000000005, 44.44700000000001, 0.6406, 1.8431, 0.010285319999999999, 1.0357, 4.452, 1007.7819999999999, 
Tiziano Ferro, 1, 0.532, 0.687, 5.709, 0.0768, 0.0192, 0.0, 0.168, 0.331, 81.888, 
Fabrizio Moro, 1, 0.529, 0.484, 6.632, 0.0308, 0.133, 0.0, 0.104, 0.281, 125.931, 
Michele Bravi, 1, 0.41, 0.4, 7.103, 0.0361, 0.526, 0.0, 0.128, 0.316, 149.287, 
Francesco Gabbani, 1, 0.668, 0.834, 3.997, 0.0758, 0.0428, 3.23e-06, 0.104, 0.565, 114.07, 
Fiorella Mannoia, 1, 0.537, 0.775, 4.978, 0.112, 0.134, 0.0, 0.119, 0.382, 151.654, 
Ermal Meta, 1, 0.531, 0.909, 3.776, 0.048, 0.0187, 0.0, 0.273, 0.608, 97.987, 
Sfera Ebbasta, 3, 2.309, 1.8780000000000001, 14.868, 0.091, 1.074, 9.04e-06, 0.2787, 2.3320000000000003, 356.162, 
Charlie Charles, 2, 1.476, 1.659, 10.036999999999999, 0.416, 0.0992, 0.0, 0.17270000000000002, 1.387, 231.94099999999997, 
Gue Pequeno, 11, 8.562, 6.518000000000001, 78.16899999999998, 1.4289999999999998, 2.3102, 0.0015348, 2.3713, 5.462999999999999, 1331.1180000000002, 
Dark Polo Gang, 15, 11.184999999999999, 8.23, 104.84400000000001, 2.2145, 2.9512999999999994, 0.004465790000000001, 2.8093000000000004, 5.4285999999999985, 1919.1100000000001, 
Sean Paul, 1, 0.741, 0.891, 2.824, 0.119, 0.0437, 0.0, 0.256, 0.449, 102.002, 
Noyz Narcos, 1, 0.705, 0.885, 3.941, 0.382, 0.439, 0.0, 0.129, 0.446, 123.734, 
Fabri Fibra, 1, 0.658, 0.763, 6.276, 0.155, 0.00722, 0.0, 0.118, 0.444, 107.849, 
Capo Plaza, 2, 1.241, 1.2759999999999998, 13.306000000000001, 0.635, 0.671, 0.0, 0.375, 0.32030000000000003, 283.111, 
Vegas Jones, 2, 1.499, 1.151, 19.897, 0.46299999999999997, 0.2383, 0.00017457, 0.1915, 0.5326, 296.20000000000005, 
Amedeo Preziosi, 1, 0.72, 0.826, 2.746, 0.117, 0.133, 0.0, 0.133, 0.333, 128.021, 
Baby K, 1, 0.756, 0.67, 5.296, 0.0828, 0.0871, 0.0, 0.169, 0.674, 94.004, 
Thegiornalisti, 1, 0.594, 0.905, 4.921, 0.0851, 0.0127, 0.0, 0.0514, 0.559, 109.928, 
Salmo, 2, 1.3090000000000002, 1.572, 10.317, 0.636, 0.211, 0.0, 0.1506, 1.4420000000000002, 250.808, 
Takagi & Ketra, 1, 0.818, 0.714, 5.39, 0.0335, 0.0707, 0.0, 0.0901, 0.78, 118.019, 
Jake La Furia, 1, 0.678, 0.81, 5.756, 0.0342, 0.00429, 0.0, 0.0597, 0.57, 123.989, 
Rkomi, 4, 2.318, 3.058, 22.756, 0.4999, 0.5349, 0.0, 1.0706, 0.9987999999999999, 471.989, 
Benji & Fede, 1, 0.753, 0.775, 5.97, 0.0805, 0.0279, 0.0, 0.11, 0.646, 100.074, 
Shade, 2, 1.494, 1.746, 6.763999999999999, 0.2481, 0.506, 0.0, 0.2649, 1.604, 256.183, 
Caparezza, 1, 0.683, 0.729, 5.417, 0.0344, 0.00572, 0.00332, 0.0507, 0.862, 127.029, 
Coez, 4, 2.8179999999999996, 2.0300000000000002, 26.421, 0.1581, 1.717, 2.18e-06, 1.75, 1.711, 484.765, 
RIKI, 1, 0.475, 0.597, 4.27, 0.0305, 0.532, 0.0, 0.127, 0.212, 75.184, 
Gemitaiz, 2, 1.3849999999999998, 1.443, 14.3, 0.2994, 0.2349, 0.0, 0.1992, 0.96, 226.964, 
P!nk, 2, 0.875, 1.182, 12.363, 0.1072, 0.0539, 5.14e-06, 0.1779, 0.374, 227.46, 
Lazza, 1, 0.769, 0.688, 7.357, 0.0812, 0.00453, 0.0, 0.0976, 0.443, 122.94, 
Cromo, 1, 0.662, 0.656, 9.112, 0.123, 0.0514, 0.0, 0.152, 0.244, 104.047, 
Cesare Cremonini, 1, 0.238, 0.618, 6.506, 0.0373, 0.0137, 0.0, 0.0727, 0.206, 139.878, 
Jovanotti, 1, 0.663, 0.868, 8.424, 0.156, 0.244, 0.0, 0.287, 0.687, 90.881, 
Madman, 1, 0.778, 0.842, 4.589, 0.117, 0.144, 0.0, 0.126, 0.22, 146.926, 
Tedua, 1, 0.736, 0.493, 11.862, 0.37, 0.243, 0.0, 0.186, 0.452, 126.977, 
M√•neskin, 2, 1.319, 1.7850000000000001, 5.8309999999999995, 0.0711, 0.013260000000000001, 0.0, 0.1439, 1.861, 215.89499999999998, 
Enrico Nigiotti, 2, 0.815, 1.383, 13.699, 0.1282, 0.406, 5.12e-06, 0.364, 0.621, 184.892, 
Nitro, 2, 1.543, 1.664, 9.469, 0.512, 0.1898, 0.0, 0.7050000000000001, 0.849, 253.77100000000002, 
Calcutta , 1, 0.653, 0.428, 6.532, 0.0405, 0.463, 0.0, 0.0706, 0.326, 95.034, 
Jon Bellion, 1, 0.617, 0.567, 4.188, 0.0828, 0.0584, 0.0, 0.0933, 0.505, 90.246, 
Zedd, 2, 1.35, 1.262, 10.073, 0.14129999999999998, 0.453, 0.0, 0.229, 1.0350000000000001, 204.05, 
Harry Styles, 2, 1.034, 1.17, 9.245999999999999, 0.0615, 0.0534, 0.0, 0.218, 0.431, 239.99099999999999, 
Shawn Mendes, 3, 1.9499999999999997, 2.2830000000000004, 13.061, 0.4213, 0.641, 0.0, 0.3153, 2.161, 435.74800000000005, 
Blanche, 1, 0.607, 0.449, 8.785, 0.027, 0.234, 7.31e-06, 0.208, 0.142, 129.947, 
Salvador Sobral, 3, 1.228, 0.483, 47.41, 0.1321, 2.393, 0.010605, 0.4481, 0.909, 371.081, 
Sunstroke Project, 2, 1.665, 1.613, 11.892, 0.223, 0.453, 0.01895, 0.1362, 1.2810000000000001, 220.211, 
Kristian Kostov, 1, 0.408, 0.506, 8.24, 0.0355, 0.419, 0.0, 0.108, 0.213, 125.576, 
Robin Bengtsson, 1, 0.733, 0.672, 5.047, 0.0427, 0.0308, 0.0, 0.163, 0.463, 109.007, 
Cheat Codes, 1, 0.741, 0.667, 5.445, 0.134, 0.0575, 0.0, 0.106, 0.595, 112.956, 
Radistai Dj's, 1, 0.76, 0.752, 4.134, 0.0438, 0.277, 1.32e-05, 0.128, 0.406, 134.937, 
Liam Payne, 3, 2.226, 1.7810000000000001, 15.645999999999999, 0.1473, 0.4848, 0.0, 0.3786, 1.2400000000000002, 324.99699999999996, 
Rita Ora, 2, 1.483, 1.421, 8.046, 0.1084, 0.19440000000000002, 0.0, 0.1553, 1.283, 224.889, 
Lauv, 2, 1.178, 0.913, 17.04, 0.3054, 1.306, 1.043e-05, 0.498, 0.9470000000000001, 168.279, 
Demi Lovato, 4, 2.812, 2.529, 27.65, 0.983, 0.0906, 0.0, 1.1099999999999999, 3.4669999999999996, 576.13, 
XXXTENTACION, 2, 1.669, 0.924, 18.884, 0.2832, 0.48619999999999997, 0.00015613, 0.39999999999999997, 0.766, 265.057, 
Brenda Lee, 1, 0.703, 0.407, 12.155, 0.0504, 0.706, 0.0, 0.45, 0.849, 140.057, 
Andy Williams, 1, 0.24, 0.598, 8.435, 0.037, 0.766, 0.0, 0.117, 0.776, 202.082, 
Anita Kerr Singers, 1, 0.741, 0.326, 12.045, 0.0395, 0.918, 0.0, 0.0658, 0.751, 120.992, 
Band Aid, 1, 0.599, 0.642, 6.936, 0.0363, 0.164, 3.33e-05, 0.0992, 0.349, 115.412, 
Bobby Helms, 1, 0.741, 0.34, 13.421, 0.0446, 0.614, 0.0, 0.0955, 0.838, 119.606, 
Bing Crosby, 2, 0.9650000000000001, 0.386, 28.82, 0.0835, 1.4420000000000002, 0.353, 0.4363, 0.75, 256.029, 
Burl Ives, 1, 0.674, 0.37, 12.937, 0.0309, 0.616, 0.0, 0.0781, 0.862, 140.352, 
Michael Jackson, 1, 0.92, 0.654, 3.051, 0.0401, 0.0236, 0.0158, 0.0359, 0.847, 117.046, 
Donny Montell, 1, 0.701, 0.942, 3.674, 0.052, 0.107, 1.77e-06, 0.119, 0.182, 99.958, 
Justin Timberlake, 1, 0.745, 0.579, 5.771, 0.138, 0.0354, 0.0118, 0.246, 0.645, 97.002, 
Hailee Steinfeld, 2, 1.295, 1.35, 8.432, 0.18409999999999999, 0.4103, 0.0, 0.1789, 1.222, 202.757, 
Little Mix, 1, 0.607, 0.718, 4.095, 0.0978, 0.032, 0.0, 0.403, 0.551, 101.821, 
Inigo Pascual, 1, 0.764, 0.894, 2.892, 0.0327, 0.227, 0.0, 0.0906, 0.963, 99.986, 
LANY, 1, 0.754, 0.458, 6.852, 0.144, 0.105, 0.0, 0.249, 0.495, 96.011, 
KZ Tandingan, 1, 0.37, 0.434, 5.935, 0.0311, 0.774, 1.58e-06, 0.0993, 0.201, 139.839, 
Khalid, 2, 1.534, 0.988, 17.813, 0.46709999999999996, 0.529, 0.0001786, 0.2548, 0.72, 217.07500000000002, 
Moira Dela Torre, 3, 1.311, 0.937, 28.305, 0.1356, 2.066, 0.00011366, 0.5879, 1.1, 409.418, 
O.C. Dawgs, 1, 0.724, 0.684, 4.919, 0.0569, 0.718, 0.0, 0.0925, 0.765, 80.004, 
NICKTHEREAL, 1, 0.579, 0.806, 4.281, 0.0446, 0.0309, 0.0, 0.071, 0.373, 159.975, 
Joker Xue, 1, 0.53, 0.432, 10.678, 0.0472, 0.399, 7.81e-06, 0.113, 0.186, 182.842, 
Eric Chou, 1, 0.439, 0.477, 5.638, 0.0307, 0.643, 0.0, 0.114, 0.535, 159.819, 
Chanyeol, 1, 0.314, 0.526, 4.686, 0.0484, 0.428, 0.0, 0.126, 0.195, 78.643, 
G.E.M., 1, 0.539, 0.668, 6.825, 0.0825, 0.4, 0.0, 0.0864, 0.238, 175.867, 
Mayday, 1, 0.428, 0.604, 3.694, 0.0295, 0.0115, 0.0, 0.0828, 0.222, 155.921, 
Namewee, 1, 0.51, 0.73, 6.149, 0.187, 0.36, 0.0, 0.128, 0.284, 173.937, 
Lady Gaga, 1, 0.696, 0.503, 4.842, 0.0356, 0.0745, 0.0, 0.0869, 0.559, 99.977, 
Nana Lee, 1, 0.532, 0.419, 9.18, 0.0371, 0.524, 1.03e-05, 0.104, 0.316, 170.011, 
Crowd Lu, 1, 0.666, 0.217, 11.042, 0.0335, 0.786, 0.0, 0.0766, 0.395, 82.011, 
No Party For Cao Dong, 2, 1.2309999999999999, 1.2770000000000001, 18.163, 0.1336, 0.1095, 0.002667, 0.1756, 0.9139999999999999, 290.89599999999996, 
Jia Jia, 1, 0.552, 0.543, 6.272, 0.0277, 0.421, 0.0, 0.107, 0.181, 132.103, 
Li Yugang, 1, 0.583, 0.496, 7.79, 0.0411, 0.52, 0.0, 0.223, 0.477, 155.915, 
BTS, 4, 2.4010000000000002, 3.2190000000000003, 15.947, 0.3851, 0.0738, 1.68e-06, 0.8237, 2.265, 528.688, 
Eason Chan, 1, 0.295, 0.269, 12.226, 0.0408, 0.747, 0.0, 0.28, 0.559, 170.03, 
Stefanie Sun, 1, 0.427, 0.252, 14.39, 0.0335, 0.93, 0.0113, 0.106, 0.161, 93.866, 
A-Mei Chang, 5, 2.222, 1.613, 39.042, 0.1949, 4.577, 0.0, 0.607, 1.533, 494.74, 
LaLa Hsu, 3, 1.085, 0.9970000000000001, 29.863000000000003, 0.11349999999999999, 2.6340000000000003, 3.287e-05, 0.3092, 0.645, 376.178, 
Â≤'ÂØßÂ?', 1, 0.475, 0.344, 8.773, 0.0308, 0.719, 0.000603, 0.143, 0.261, 144.018, 
JJ Lin, 2, 0.917, 1.016, 14.289, 0.0638, 0.9560000000000001, 0.0, 0.1844, 0.356, 259.225, 
Zac Efron, 1, 0.684, 0.619, 7.005, 0.0386, 0.0716, 0.0, 0.122, 0.284, 125.046, 
NEIKED, 1, 0.803, 0.569, 7.392, 0.0739, 0.0623, 0.0, 0.083, 0.809, 107.986, 
Nevada, 1, 0.707, 0.883, 4.281, 0.0602, 0.0707, 0.0, 0.23, 0.541, 106.031, 
Andy Grammer, 1, 0.822, 0.544, 6.797, 0.0332, 0.562, 2.4e-05, 0.144, 0.861, 122.047, 
Migos, 3, 2.693, 1.8810000000000002, 13.5, 0.6519999999999999, 0.3549, 0.0, 0.46, 0.807, 404.102, 
Mura Masa, 1, 0.665, 0.771, 5.124, 0.14, 0.126, 0.00449, 0.27, 0.732, 88.835, 
Major Lazer, 5, 3.7270000000000003, 3.889, 22.332, 0.3542, 0.32684, 0.00070776, 0.583, 2.932, 519.903, 
Lorde, 4, 2.794, 2.213, 29.047, 0.40249999999999997, 0.47109, 0.00368556, 0.4328, 1.522, 447.967, 
Six60, 2, 1.6989999999999998, 0.959, 12.773, 0.0766, 0.035199999999999995, 2.0119999999999997e-05, 0.495, 1.164, 219.952, 
The Jackson 5, 1, 0.685, 0.565, 11.217, 0.0374, 0.285, 0.00051, 0.076, 0.96, 147.472, 
Daryl Hall & John Oates, 1, 0.666, 0.841, 3.592, 0.0312, 0.613, 0.0, 0.113, 0.84, 128.718, 
Whogaux, 1, 0.642, 0.521, 5.689, 0.064, 0.443, 0.0, 0.0766, 0.589, 99.861, 
Reket, 7, 4.662, 4.517, 60.524, 1.2341000000000002, 0.9286000000000001, 0.01516264, 1.7228999999999999, 2.659, 664.884, 
Lil Uzi Vert, 6, 4.036999999999999, 3.94, 34.35, 1.1633999999999998, 1.1412799999999999, 2.83e-05, 0.6443000000000001, 2.1471, 623.751, 
Vince Guaraldi Trio, 1, 0.388, 0.145, 19.697, 0.0318, 0.978, 6.86e-06, 0.0997, 0.0911, 75.474, 
√?aƒ?atay Akman, 1, 0.769, 0.837, 4.057, 0.14, 0.652, 0.0, 0.0986, 0.819, 100.962, 
M√ºsl√ºm G√ºrses, 1, 0.424, 0.666, 6.683, 0.0473, 0.396, 0.000169, 0.12, 0.275, 160.079, 
Kalben, 1, 0.475, 0.318, 4.836, 0.0302, 0.8, 0.0, 0.168, 0.317, 81.05, 
Twenty One Pilots, 1, 0.732, 0.396, 9.348, 0.0286, 0.0841, 3.58e-05, 0.105, 0.548, 90.024, 
LP, 1, 0.433, 0.724, 6.126, 0.0372, 0.1, 0.0, 0.0918, 0.689, 174.006, 
Sagopa Kajmer, 2, 1.032, 1.2570000000000001, 16.351, 0.09709999999999999, 0.133, 0.000325, 0.381, 0.825, 254.989, 
Sezen Aksu, 3, 1.849, 2.406, 21.91, 0.418, 0.6317, 4.19e-06, 0.588, 1.626, 395.055, 
Norm Ender, 8, 5.877999999999999, 5.893, 58.419000000000004, 0.9156, 1.8856, 0.0, 1.6550000000000002, 5.968, 910.858, 
Sƒ±la, 2, 1.124, 1.1059999999999999, 12.657, 0.28300000000000003, 1.061, 0.0, 0.456, 0.9570000000000001, 257.61400000000003, 
Super Sako, 1, 0.804, 0.768, 4.681, 0.237, 0.308, 0.0, 0.0997, 0.438, 92.005, 
Lana Del Rey, 2, 0.821, 1.028, 19.604, 0.0891, 1.043, 0.00817, 0.46799999999999997, 0.5609999999999999, 170.40800000000002, 
Ayse Hatun Onal, 1, 0.735, 0.603, 7.048, 0.0338, 0.0966, 0.0619, 0.0926, 0.644, 124.03, 
Y√ºzy√ºzeyken Konu≈?uruz, 1, 0.567, 0.626, 9.059, 0.0519, 0.219, 0.966, 0.108, 0.625, 90.027, 
Anne-Marie, 1, 0.698, 0.882, 3.078, 0.0863, 0.127, 0.0, 0.15, 0.445, 106.083, 
ƒ∞lyas Yal√ßƒ±nta≈?, 1, 0.712, 0.713, 6.419, 0.0337, 0.287, 0.00206, 0.147, 0.456, 119.993, 
Deeperise, 1, 0.664, 0.422, 11.206, 0.0413, 0.21, 0.00485, 0.0968, 0.206, 194.014, 
Tarkan, 3, 2.0, 2.382, 17.976, 0.1397, 0.16544, 4.5e-06, 0.3284, 1.711, 358.015, 
Edis, 1, 0.758, 0.783, 4.583, 0.0652, 0.0256, 0.0, 0.104, 0.61, 97.993, 
Hande Yener, 1, 0.741, 0.86, 4.824, 0.0348, 0.012, 1.89e-06, 0.38, 0.761, 112.009, 
No Method, 1, 0.714, 0.786, 4.382, 0.0747, 0.183, 0.00676, 0.29, 0.63, 100.071, 
Aleyna Tilki, 2, 1.472, 1.318, 13.018, 0.0746, 0.208, 0.00282, 0.294, 1.076, 195.906, 
Mabel Matiz, 1, 0.688, 0.589, 6.346, 0.0264, 0.0096, 0.000188, 0.62, 0.821, 109.035, 
Burak King, 2, 1.116, 1.2229999999999999, 16.372, 0.1172, 0.32120000000000004, 0.00156, 0.372, 1.19, 210.49599999999998, 
Manu≈? Baba, 2, 1.38, 1.42, 11.579, 0.0542, 0.921, 0.009432000000000001, 0.756, 1.2850000000000001, 248.969, 
Hadise, 1, 0.779, 0.829, 5.823, 0.0501, 0.00748, 2.3e-06, 0.0546, 0.506, 123.988, 
Vega, 1, 0.51, 0.851, 5.329, 0.032, 0.0319, 0.000588, 0.181, 0.636, 134.918, 
Ezhel, 5, 4.1, 2.781, 45.244, 1.772, 2.195, 0.000309, 0.9318000000000001, 1.974, 605.359, 
Oƒ?uzhan Ko√ß, 1, 0.676, 0.875, 6.746, 0.0495, 0.265, 0.0, 0.146, 0.969, 95.978, 
Ersay √?ner, 1, 0.653, 0.468, 7.568, 0.0486, 0.489, 0.0, 0.21, 0.688, 126.851, 
Tuƒ?ba Yurt, 1, 0.707, 0.712, 5.564, 0.0471, 0.378, 0.0, 0.0862, 0.408, 126.008, 
Eypio, 1, 0.761, 0.431, 13.207, 0.0969, 0.374, 0.00309, 0.112, 0.327, 119.991, 
Simge, 1, 0.607, 0.688, 7.814, 0.108, 0.222, 1.23e-06, 0.205, 0.404, 91.06, 
Gazapizm, 1, 0.632, 0.843, 5.716, 0.1, 0.397, 0.0, 0.132, 0.339, 129.971, 
Ceylan Ertem, 1, 0.552, 0.881, 5.389, 0.0452, 0.167, 2.99e-06, 0.346, 0.872, 79.489, 
DRAM, 1, 0.886, 0.525, 7.39, 0.131, 0.236, 0.0, 0.057, 0.708, 145.99, 
Amin√©, 3, 2.8379999999999996, 1.0470000000000002, 29.107, 1.464, 0.647, 0.0, 0.598, 2.1149999999999998, 360.176, 
Big Sean, 4, 2.7880000000000003, 2.456, 26.293999999999997, 0.9699999999999999, 0.7811, 1.05e-06, 0.819, 1.188, 431.71900000000005, 
KYLE, 1, 0.746, 0.653, 6.745, 0.289, 0.378, 0.0, 0.229, 0.672, 75.016, 
Kodak Black, 2, 1.233, 1.093, 15.081, 0.516, 0.12279999999999999, 0.00016340000000000001, 0.246, 0.8049999999999999, 326.86, 
Childish Gambino, 1, 0.745, 0.356, 10.425, 0.0941, 0.172, 0.00943, 0.123, 0.607, 160.033, 
Playboi Carti, 1, 0.791, 0.581, 7.323, 0.286, 0.0113, 0.0, 0.35, 0.438, 162.99, 
Travis Scott, 1, 0.763, 0.598, 6.865, 0.0539, 0.0714, 0.0, 0.112, 0.182, 140.987, 
21 Savage, 3, 2.55, 1.128, 23.489, 0.857, 0.3612, 2.7079999999999998e-05, 0.5162, 0.995, 233.026, 
Cardi B, 2, 1.838, 1.2690000000000001, 13.305, 0.284, 0.06790399999999999, 0.000823, 0.706, 0.5566, 263.065, 
Gucci Mane, 1, 0.89, 0.633, 5.475, 0.168, 0.0232, 0.000343, 0.0993, 0.425, 139.948, 
Offset, 1, 0.88, 0.428, 8.28, 0.206, 0.149, 5.07e-05, 0.114, 0.333, 100.007, 
A$AP Ferg, 1, 0.797, 0.844, 5.482, 0.275, 0.0651, 0.0, 0.087, 0.52, 170.142, 
Huncho Jack, 5, 3.883, 3.434, 21.82, 0.5952999999999999, 0.07971, 0.00291, 0.7021999999999999, 1.7319999999999998, 658.796, 
Yandel, 2, 1.621, 1.5659999999999998, 8.428999999999998, 0.31999999999999995, 0.24029999999999999, 0.0, 0.497, 1.3860000000000001, 220.07299999999998, 
Mark Forster, 1, 0.773, 0.623, 6.173, 0.0377, 0.22, 0.0, 0.389, 0.714, 129.962, 
Alle Farben, 2, 1.504, 1.412, 12.643, 0.0725, 0.4803, 0.024134, 0.14100000000000001, 1.303, 242.019, 
Bonez MC, 1, 0.766, 0.8, 6.062, 0.0938, 0.16, 1.6e-05, 0.0744, 0.635, 129.999, 
Ma√Ætre Gims, 1, 0.83, 0.765, 4.205, 0.101, 0.0232, 0.0159, 0.0754, 0.367, 102.028, 
Zuna, 1, 0.823, 0.514, 7.969, 0.421, 0.231, 3.82e-06, 0.186, 0.515, 111.24, 
RAF Camora, 6, 4.298, 4.982, 34.888999999999996, 0.9092, 2.446, 0.005578, 1.5796, 3.618, 730.892, 
Alice Merton, 1, 0.863, 0.656, 7.286, 0.104, 0.264, 0.00495, 0.0712, 0.821, 115.963, 
Kay One, 3, 2.33, 2.152, 20.485999999999997, 0.4700000000000001, 0.3122, 0.0, 0.228, 2.134, 304.054, 
Bushido, 3, 1.761, 2.264, 18.645, 1.365, 0.702, 0.0, 0.2662, 1.8090000000000002, 245.765, 
Nimo, 1, 0.837, 0.84, 4.78, 0.0447, 0.338, 2.11e-05, 0.0752, 0.845, 117.015, 
Felix Jaehn, 1, 0.755, 0.719, 5.316, 0.0421, 0.000875, 1.53e-05, 0.326, 0.813, 121.986, 
187 Strassenbande, 6, 3.8579999999999997, 4.479, 35.891, 1.9490000000000003, 0.7421, 2.0070000000000003e-05, 0.9995999999999998, 2.024, 700.249, 
Miami Yacine, 1, 0.792, 0.728, 5.449, 0.12, 0.0695, 0.0, 0.143, 0.676, 116.938, 
Gest√∂rt aber GeiL, 1, 0.748, 0.755, 7.49, 0.0563, 0.04, 0.00244, 0.0749, 0.314, 122.008, 
RIN, 1, 0.679, 0.605, 10.004, 0.265, 0.534, 0.0881, 0.192, 0.488, 194.071, 
Kollegah, 12, 7.245, 8.933000000000002, 70.218, 3.273, 1.7133, 3.09e-06, 2.4627000000000003, 5.479000000000001, 1443.9959999999999, 
Bausa, 1, 0.874, 0.487, 8.154, 0.0641, 0.393, 2.96e-05, 0.0524, 0.746, 144.956, 
Sa4, 1, 0.71, 0.618, 5.227, 0.343, 0.349, 1.81e-06, 0.0815, 0.634, 91.02, 
Capo, 1, 0.512, 0.719, 5.464, 0.0553, 0.0377, 0.0, 0.312, 0.146, 106.948, 
Ufo361, 2, 1.58, 0.929, 11.619, 0.3582, 0.3491, 0.00038679999999999997, 0.3869, 0.471, 197.368, 
Azzi Memo, 1, 0.713, 0.781, 4.427, 0.16, 0.268, 0.0, 0.0964, 0.646, 99.027, 
Katja Krasavice, 1, 0.813, 0.698, 6.845, 0.0716, 0.124, 2.55e-05, 0.073, 0.652, 112.076, 
Melanie Thornton, 1, 0.578, 0.676, 5.478, 0.033, 0.114, 0.0, 0.255, 0.524, 149.965, 
Azet, 2, 1.459, 1.736, 8.029, 0.311, 0.22111, 1.04e-06, 0.18180000000000002, 1.25, 244.701, 
Nico Santos, 1, 0.741, 0.706, 6.763, 0.137, 0.25, 0.0, 0.0648, 0.582, 82.032, 
Shakin' Stevens, 1, 0.541, 0.909, 3.101, 0.0358, 0.128, 0.0, 0.128, 0.962, 203.862, 
Queen, 1, 0.296, 0.421, 8.891, 0.0285, 0.214, 0.0, 0.232, 0.335, 83.425, 
Paul McCartney, 1, 0.774, 0.511, 8.914, 0.0319, 0.322, 0.0, 0.0672, 0.771, 94.736, 
Marama, 2, 1.404, 1.486, 12.208, 0.1567, 0.1496, 0.0, 0.1735, 1.665, 220.156, 
Don Omar, 2, 1.161, 1.7349999999999999, 8.893, 0.34230000000000005, 0.2096, 2.1e-05, 0.2333, 1.4969999999999999, 177.914, 
Mon Laferte, 3, 1.463, 1.569, 21.474, 0.094, 0.9051, 0.0089546, 0.327, 1.6109999999999998, 395.582, 
Romeo Santos, 6, 4.461, 4.1690000000000005, 40.33, 0.33459999999999995, 2.126, 0.0, 1.2895999999999999, 3.8720000000000003, 813.8599999999999, 
ONE OK ROCK, 1, 0.379, 0.69, 4.79, 0.0549, 0.0286, 0.0, 0.335, 0.288, 173.716, 
Shota Shimizu, 1, 0.719, 0.718, 4.996, 0.0316, 0.307, 0.000178, 0.0846, 0.693, 153.937, 
Suchmos, 1, 0.681, 0.938, 4.246, 0.0557, 0.0288, 0.000264, 0.0634, 0.6, 122.991, 
TWICE, 3, 2.162, 2.682, 8.546, 0.15949999999999998, 0.51458, 0.00150872, 0.895, 1.396, 391.875, 
"DAOKO√-Á±≥Ê¥•Á?""Â∏´", 2, 1.26, 1.335, 9.707, 0.050199999999999995, 0.495, 0.0, 0.215, 0.5529999999999999, 191.971, 
Mrs. GREEN APPLE, 1, 0.548, 0.789, 2.775, 0.054, 0.0271, 0.0, 0.0417, 0.625, 160.048, 
AAA, 1, 0.625, 0.86, 4.456, 0.0314, 0.0512, 0.0, 0.408, 0.533, 129.064, 
SEKAI NO OWARI, 1, 0.526, 0.758, 3.732, 0.0256, 0.171, 0.0, 0.304, 0.482, 97.954, 
MC G15, 2, 1.53, 1.116, 3.9879999999999995, 0.12140000000000001, 0.5271, 0.0, 0.13040000000000002, 1.589, 217.76399999999998, 
Maiara & Maraisa, 3, 1.77, 2.482, 11.331, 0.4003, 1.33, 0.0, 2.614, 1.434, 339.16, 
Mar√≠lia Mendon√ßa, 2, 1.7069999999999999, 1.2850000000000001, 11.817, 0.0723, 1.11, 1.76e-05, 0.386, 1.392, 250.096, 
Wesley Safad√£o, 2, 1.27, 1.822, 7.275, 0.1526, 0.1767, 3.86e-06, 1.1800000000000002, 1.5110000000000001, 261.75300000000004, 
Naiara Azevedo, 1, 0.778, 0.826, 2.798, 0.212, 0.206, 0.0, 0.761, 0.759, 139.042, 
Matheus & Kauan, 2, 1.431, 1.475, 8.579, 0.1617, 0.353, 0.0, 1.0030000000000001, 1.375, 249.00400000000002, 
Simone & Simaria, 2, 1.315, 1.7109999999999999, 7.18, 0.311, 0.1391, 0.0, 0.464, 1.5299999999999998, 318.0, 
Nego do Borel, 1, 0.854, 0.682, 5.818, 0.069, 0.374, 0.0, 0.0697, 0.887, 98.023, 
Henrique & Juliano, 2, 1.296, 1.666, 12.646, 0.516, 0.392, 0.0, 0.626, 1.382, 271.332, 
Henrique & Diego, 2, 1.299, 1.842, 6.357, 0.1396, 0.6739999999999999, 0.0, 1.91, 1.467, 242.969, 
Bruninho & Davi, 1, 0.585, 0.984, 3.473, 0.109, 0.357, 0.0, 0.91, 0.683, 150.045, 
Luan Santana, 1, 0.699, 0.739, 6.198, 0.0513, 0.6, 0.00361, 0.389, 0.764, 92.989, 
MC WM, 1, 0.871, 0.478, 1.919, 0.0925, 0.271, 0.000784, 0.103, 0.661, 86.58, 
Mc Zaac, 1, 0.895, 0.691, 1.214, 0.0645, 0.177, 0.000196, 0.0706, 0.782, 129.969, 
MC Fioti, 1, 0.957, 0.667, 5.353, 0.0856, 0.826, 0.0205, 0.179, 0.556, 132.01, 
Iggy Azalea, 1, 0.914, 0.624, 6.112, 0.0531, 0.00348, 0.00389, 0.395, 0.346, 109.977, 
MC Lan, 1, 0.639, 0.331, 6.48, 0.332, 0.396, 0.0051, 0.236, 0.655, 86.534, 
Pabllo Vittar, 5, 3.473, 3.77, 19.997999999999998, 0.2074, 2.1390000000000002, 0.0, 0.4135, 4.65, 774.143, 
Mc Livinho, 1, 0.532, 0.467, 6.499, 0.117, 0.0133, 2.91e-06, 0.226, 0.249, 76.792, 
1Kilo, 1, 0.555, 0.439, 11.026, 0.222, 0.841, 0.0, 0.106, 0.705, 186.581, 
Alesso, 1, 0.761, 0.785, 5.502, 0.0505, 0.234, 0.237, 0.0573, 0.58, 104.992, 
MC Jhowzinho e MC Kadinho, 1, 0.814, 0.653, 0.02, 0.0359, 0.189, 0.0, 0.0876, 0.706, 130.099, 
Mc Don Juan, 1, 0.675, 0.493, 5.197, 0.0792, 0.488, 0.0, 0.073, 0.817, 129.979, 
Thiago Brava, 1, 0.746, 0.447, 7.485, 0.118, 0.846, 0.0, 0.201, 0.924, 139.994, 
Lucas Lucco, 2, 1.3479999999999999, 1.2160000000000002, 13.876, 0.4031, 0.626, 0.0, 0.2437, 1.043, 222.067, 
Mc Gw, 1, 0.687, 0.872, 3.013, 0.0983, 0.126, 0.00839, 0.0906, 0.706, 179.991, 
Gusttavo Lima, 1, 0.708, 0.82, 6.283, 0.0839, 0.12, 0.0, 0.131, 0.654, 146.038, 
Karol G, 1, 0.664, 0.576, 5.395, 0.0349, 0.0073, 6.28e-05, 0.0912, 0.121, 134.934, 
El Nene La amenaza, 2, 1.548, 1.0739999999999998, 14.845, 0.324, 0.746, 0.00431, 0.2655, 0.548, 217.022, 
Lary Over, 1, 0.663, 0.519, 9.324, 0.307, 0.625, 0.0, 0.117, 0.439, 123.844, 
Macario Mejia, 1, 0.847, 0.445, 5.356, 0.166, 0.8, 6.48e-06, 0.0737, 0.807, 98.03, 
Amenazzy, 1, 0.805, 0.48, 7.23, 0.211, 0.242, 0.00381, 0.0978, 0.262, 98.034, 
Pentatonix, 1, 0.321, 0.377, 7.385, 0.0361, 0.454, 0.0, 0.338, 0.367, 119.483, 
Mykola Dmytrovych Leontovych, 1, 0.418, 0.106, 22.507, 0.0448, 0.994, 0.0292, 0.179, 0.8, 46.718, 
Niall Horan, 3, 1.755, 1.514, 19.624, 0.127, 0.7612, 0.0, 0.29560000000000003, 1.26, 393.194, 
Vicky Corbacho, 1, 0.704, 0.72, 3.945, 0.03, 0.656, 0.0, 0.0768, 0.742, 124.975, 
Dimitri Vegas & Like Mike, 5, 2.9779999999999998, 4.507, 19.371000000000002, 0.3953, 0.28523, 0.64536, 1.097, 2.444, 540.013, 
Lost Frequencies, 5, 3.163, 3.6590000000000003, 32.733999999999995, 0.4456, 0.8257399999999999, 0.028361, 0.6055999999999999, 1.1261, 630.1179999999999, 
Henri PFR, 1, 0.655, 0.811, 5.131, 0.0545, 0.0744, 0.0, 0.137, 0.313, 113.935, 
Van Echelpoel, 1, 0.776, 0.877, 6.576, 0.0672, 0.0471, 0.114, 0.112, 0.391, 124.981, 
Boef, 10, 7.148999999999999, 8.132, 46.809, 2.8717999999999995, 2.2206, 0.0, 1.5319999999999998, 6.154999999999999, 1127.674, 
Lil' Kleine, 14, 11.478000000000002, 10.173, 76.705, 3.1139999999999994, 5.883, 0.0, 2.2028000000000003, 7.602000000000001, 1508.3909999999998, 
MATTN, 1, 0.727, 0.773, 6.524, 0.061, 0.0614, 0.0, 0.0838, 0.574, 100.011, 
Hans Zimmer, 1, 0.635, 0.917, 4.907, 0.0379, 0.00112, 0.468, 0.1, 0.341, 112.493, 
Jebroer, 2, 1.343, 1.787, 11.436, 0.087, 0.2476, 0.0006188, 0.2262, 0.977, 232.48899999999998, 
Regi, 2, 1.292, 1.85, 9.742, 0.1026, 0.838, 0.0001028, 0.736, 1.068, 239.994, 
Sevn Alias, 6, 4.901, 3.6769999999999996, 39.223, 1.837, 1.9074, 0.00024190000000000003, 0.5126999999999999, 3.914, 735.046, 
Perry Como, 1, 0.725, 0.276, 12.25, 0.0599, 0.76, 0.0, 0.116, 0.717, 112.89, 
Fattah Amin, 1, 0.531, 0.593, 5.147, 0.0305, 0.467, 0.0, 0.209, 0.23, 110.05, 
BLACKPINK, 1, 0.786, 0.853, 2.687, 0.0816, 0.0688, 0.0, 0.0759, 0.45, 125.034, 
Armada, 2, 1.013, 1.085, 11.948, 0.0619, 0.09742999999999999, 0.0, 0.641, 0.523, 269.946, 
Gulddreng, 8, 5.524000000000001, 4.859, 45.795, 0.5105, 1.6199000000000001, 0.0, 1.5219999999999998, 4.9639999999999995, 923.0020000000001, 
Jesu Br√∏dre, 1, 0.778, 0.618, 4.428, 0.0338, 0.00662, 6.69e-05, 0.121, 0.2, 103.997, 
Gilli, 5, 3.649, 3.399, 31.583, 0.5082, 0.9007, 0.0002041, 0.8119, 3.178, 623.622, 
NODE, 6, 4.797000000000001, 3.8979999999999997, 35.049, 0.5226999999999999, 1.3548, 0.0007698099999999999, 0.8200000000000001, 3.646, 688.768, 
Jimilian, 2, 1.445, 1.061, 14.871, 0.175, 0.45899999999999996, 0.0, 0.1306, 1.063, 172.614, 
KESI, 6, 4.442, 4.069, 32.34, 0.5640000000000001, 0.8926, 3.942e-05, 0.7641, 3.598, 801.8899999999999, 
Medina, 1, 0.489, 0.443, 6.968, 0.0466, 0.675, 0.0, 0.407, 0.236, 159.46, 
Molo, 4, 3.4050000000000002, 2.4290000000000003, 23.055, 0.8039999999999999, 0.7848, 0.0, 0.5627, 1.5030000000000001, 497.07000000000005, 
Sleiman, 4, 3.0389999999999997, 2.815, 21.490000000000002, 0.1681, 1.556, 0.0101671, 0.5675, 1.963, 471.102, 
Albert Dyrlund, 1, 0.756, 0.788, 2.686, 0.0353, 0.167, 0.0, 0.162, 0.818, 112.032, 
Citybois, 2, 1.518, 1.336, 10.986999999999998, 0.13219999999999998, 0.2009, 0.0, 0.1847, 1.3940000000000001, 211.96300000000002, 
Skinz, 1, 0.72, 0.588, 7.593, 0.0483, 0.137, 0.0, 0.058, 0.589, 143.947, 
Scarlet Pleasure, 6, 5.019, 3.4480000000000004, 50.45399999999999, 1.1047, 3.328, 0.00018355999999999998, 1.0525, 4.265, 611.778, 
Fie Laursen, 2, 1.575, 1.559, 10.448, 0.157, 0.6699999999999999, 0.0, 0.17880000000000001, 0.95, 209.03, 
PAY, 1, 0.854, 0.825, 6.403, 0.0909, 0.443, 0.000226, 0.1, 0.822, 125.023, 
Carmon, 1, 0.735, 0.789, 6.116, 0.073, 0.319, 1.08e-05, 0.0996, 0.683, 105.071, 
Basim, 2, 1.412, 1.439, 10.986, 0.1811, 0.07169, 0.0, 0.23729999999999998, 0.854, 207.984, 
Fouli, 1, 0.667, 0.802, 4.533, 0.32, 0.159, 0.0, 0.291, 0.734, 119.975, 
Rasmus Seebach, 3, 1.9660000000000002, 1.827, 19.308999999999997, 0.4174, 1.153, 0.0, 0.5066, 1.917, 424.613, 
Lukas Graham, 1, 0.882, 0.764, 5.389, 0.148, 0.0129, 7.63e-06, 0.265, 0.693, 106.994, 
MellemFingaMuzik, 1, 0.81, 0.738, 3.695, 0.135, 0.154, 7.73e-06, 0.298, 0.797, 100.033, 
Nik & Jay, 1, 0.635, 0.284, 10.493, 0.0913, 0.724, 0.0, 0.106, 0.365, 172.056, 
ZK, 1, 0.852, 0.553, 4.974, 0.193, 0.194, 0.0, 0.115, 0.361, 116.963, 
Julie, 1, 0.758, 0.523, 5.753, 0.0339, 0.0384, 0.00236, 0.12, 0.794, 99.995, 
Mads Langer, 1, 0.44, 0.692, 5.374, 0.0492, 0.318, 0.0, 0.0922, 0.298, 78.393, 
Burhan G, 1, 0.565, 0.639, 6.599, 0.0301, 0.385, 0.0, 0.105, 0.427, 90.981, 
Britney Spears, 1, 0.665, 0.844, 3.777, 0.0273, 0.171, 0.0, 0.225, 0.665, 147.073, 
Juice, 1, 0.671, 0.562, 6.207, 0.023, 0.166, 0.0, 0.109, 0.289, 89.031, 
Mc Einar, 1, 0.908, 0.529, 9.116, 0.0926, 0.21, 0.0, 0.133, 0.927, 95.062, 
Page Four, 1, 0.587, 0.565, 6.078, 0.0601, 0.0355, 0.0, 0.0974, 0.659, 172.527, 
Taco Hemingway, 8, 5.702000000000001, 4.295, 74.933, 1.9769999999999999, 3.4695000000000005, 0.17068540000000001, 1.6766999999999999, 2.9209, 806.7959999999999, 
Quebonafide, 2, 1.553, 1.466, 12.833, 0.33859999999999996, 0.9450000000000001, 0.0, 0.25329999999999997, 1.359, 255.93800000000002, 
Young Multi, 2, 1.327, 1.319, 10.633, 0.20879999999999999, 0.0913, 9.29e-06, 0.1902, 0.42300000000000004, 221.67700000000002, 
Otsochodzi, 1, 0.694, 0.663, 6.882, 0.334, 0.631, 0.0, 0.0906, 0.214, 154.852, 
Kylie Minogue, 1, 0.675, 0.384, 7.12, 0.0449, 0.749, 0.0, 0.167, 0.416, 86.952, 
Bedoes, 1, 0.583, 0.572, 8.168, 0.0726, 0.279, 0.0, 0.0927, 0.728, 140.209, 
Kungs, 1, 0.793, 0.729, 4.77, 0.0394, 0.08, 3.1e-05, 0.317, 0.488, 121.972, 
Kokab, 1, 0.648, 0.832, 6.343, 0.0795, 8.76e-05, 5.18e-05, 0.645, 0.392, 114.961, 
Matias Dam√°sio, 1, 0.514, 0.573, 9.093, 0.241, 0.525, 2.28e-05, 0.0942, 0.355, 90.046, 
Piruka, 3, 2.263, 1.8130000000000002, 28.079, 0.8210000000000001, 1.566, 0.000611, 0.2962, 0.763, 339.895, 
Richie Campbell, 2, 0.984, 0.857, 20.181, 0.182, 1.33, 1.14e-05, 0.2107, 0.636, 179.272, 
Gabrielle, 1, 0.778, 0.752, 5.665, 0.0449, 0.143, 1.21e-05, 0.0917, 0.388, 120.015, 
Zara Larsson, 3, 1.7590000000000001, 1.8809999999999998, 18.584, 0.2372, 0.6663, 1.26e-06, 0.2977, 1.531, 367.11, 
Hov1, 4, 2.683, 2.888, 26.804, 0.8916000000000001, 0.2909, 0.0, 0.587, 2.4170000000000003, 497.8689999999999, 
De Vet Du, 1, 0.764, 0.732, 6.101, 0.127, 0.0873, 3.24e-05, 0.338, 0.826, 130.027, 
Joakim Lundell, 6, 3.826, 4.041, 38.397999999999996, 0.6879, 1.4976, 0.01861251, 0.941, 2.6660000000000004, 589.1229999999999, 
Isaiah, 1, 0.433, 0.745, 4.632, 0.0377, 0.221, 0.0, 0.0981, 0.588, 95.472, 
FO&O, 1, 0.559, 0.729, 5.098, 0.0315, 0.0278, 0.0, 0.284, 0.747, 135.072, 
Wiktoria, 1, 0.696, 0.785, 5.892, 0.0631, 0.108, 0.0, 0.327, 0.756, 120.001, 
Benjamin Ingrosso, 1, 0.574, 0.742, 5.405, 0.0955, 0.0621, 0.0, 0.262, 0.409, 106.766, 
Nano, 1, 0.433, 0.878, 3.097, 0.0505, 0.033, 1.44e-06, 0.159, 0.386, 160.151, 
Jon Henrik Fj√§llgren, 1, 0.171, 0.674, 4.927, 0.036, 0.0119, 0.0, 0.093, 0.211, 169.968, 
Anton Hagman, 1, 0.811, 0.815, 5.109, 0.0628, 0.0154, 0.0, 0.0551, 0.81, 142.024, 
Tjuvjakt, 2, 1.532, 1.082, 10.998000000000001, 0.384, 0.92, 0.0, 0.1471, 1.379, 159.90800000000002, 
Vigiland, 1, 0.718, 0.673, 5.567, 0.0366, 0.00104, 1.16e-05, 0.0577, 0.0825, 128.051, 
Kamferdrops, 1, 0.604, 0.892, 4.55, 0.161, 0.425, 0.00279, 0.211, 0.615, 110.026, 
JLC, 1, 0.672, 0.885, 4.09, 0.042, 0.178, 0.0, 0.267, 0.783, 95.995, 
Kaliffa, 2, 1.241, 1.299, 11.864, 0.1344, 0.14450000000000002, 0.00015769999999999998, 0.2, 1.206, 224.292, 
Triad, 1, 0.678, 0.558, 8.633, 0.0307, 0.75, 0.0, 0.193, 0.754, 107.683, 
Adolphson & Falk, 1, 0.583, 0.747, 5.633, 0.0834, 0.293, 0.00656, 0.659, 0.662, 160.865, 
Tommy K√∂rberg, 1, 0.494, 0.419, 9.479, 0.028, 0.671, 0.0, 0.157, 0.228, 73.649, 
Chris Kl√§fford, 2, 0.869, 0.8559999999999999, 15.972000000000001, 0.0674, 0.9646, 1.82e-06, 0.328, 0.759, 321.51099999999997, 
Just D, 1, 0.637, 0.701, 4.819, 0.0395, 0.0819, 0.0, 0.466, 0.891, 84.024, 
Nat King Cole, 1, 0.31, 0.095, 17.828, 0.0366, 0.904, 3.43e-05, 0.128, 0.188, 72.76, 
Alejandro Fernandez, 1, 0.682, 0.858, 4.711, 0.0708, 0.245, 0.0, 0.104, 0.753, 94.954, 
Christian Nodal, 2, 1.092, 0.9410000000000001, 10.401, 0.063, 0.736, 0.0, 0.415, 1.333, 257.776, 
Jesse & Joy, 1, 0.702, 0.84, 3.547, 0.0879, 0.0112, 0.0, 0.119, 0.624, 101.99, 
CHANO, 1, 0.608, 0.859, 5.58, 0.185, 0.115, 0.0, 0.325, 0.8, 190.065, 
Dame 5, 1, 0.771, 0.906, 5.884, 0.0506, 0.0208, 5.54e-05, 0.304, 0.433, 111.64, 
Olvidate!, 1, 0.767, 0.82, 4.936, 0.137, 0.0222, 0.0, 0.0493, 0.785, 110.076, 
Emmsj√© Gauti, 4, 3.274, 2.501, 26.905, 0.924, 0.2978, 1.06e-06, 0.4415, 1.865, 565.462, 
Fri√∞rik D√≥r, 1, 0.564, 0.494, 8.465, 0.0696, 0.0338, 0.0, 0.0802, 0.301, 83.876, 
Aron Can, 11, 8.095, 4.843999999999999, 107.60300000000001, 1.9618, 3.3053000000000003, 0.03083166, 1.6627, 3.9297999999999997, 1271.7389999999998, 
Rihanna, 1, 0.509, 0.637, 4.83, 0.0471, 0.0717, 1.08e-05, 0.0789, 0.378, 172.006, 
Attan, 2, 1.645, 1.089, 12.704, 0.12240000000000001, 0.627, 0.00012963999999999999, 0.2082, 0.9299999999999999, 203.055, 
Sturla Atlas, 8, 6.004, 4.537, 51.146, 1.0608, 0.40998, 0.00041819, 1.3112, 2.5104, 1005.5000000000002, 
Aron Hannes, 2, 1.458, 1.38, 14.358, 0.0849, 0.32799999999999996, 0.0, 0.6859999999999999, 0.685, 218.015, 
Rj√≥minn, 1, 0.846, 0.631, 9.683, 0.323, 0.0756, 0.0, 0.131, 0.692, 96.04, 
Svala, 2, 1.252, 1.3319999999999999, 12.79, 0.0635, 0.0385, 0.0022, 0.237, 0.903, 205.928, 
Da√∞i Freyr, 2, 1.68, 1.074, 21.567999999999998, 0.1266, 0.1182, 0.002373, 0.1393, 1.32, 240.00400000000002, 
Herra Hnetusmj√∂r, 6, 4.828000000000001, 4.305000000000001, 41.688, 1.787, 0.42289, 3.17e-05, 1.1598, 3.966, 781.1800000000001, 
Floni, 11, 7.612999999999999, 6.254, 97.235, 0.7366999999999999, 0.984654, 0.6447029200000001, 1.7553, 4.152200000000001, 1442.9289999999999, 
Joey Christ, 6, 4.731999999999999, 4.21, 38.691, 1.1757, 0.3305, 0.026747, 1.1156000000000001, 2.26, 849.1579999999999, 
Chase, 1, 0.909, 0.585, 9.112, 0.184, 0.0523, 0.0, 0.0824, 0.658, 103.003, 
FM95BL√-, 1, 0.495, 0.542, 5.891, 0.0351, 0.263, 0.0, 0.103, 0.313, 129.108, 
Kr√≥li, 1, 0.895, 0.478, 13.845, 0.23, 0.073, 0.00292, 0.14, 0.502, 105.037, 
J√≥iP√©, 9, 7.472, 5.129, 94.93599999999998, 1.7314, 1.7146, 0.03364882, 0.9816, 5.287000000000001, 1122.24, 
Birnir, 2, 1.523, 0.979, 17.455, 0.47100000000000003, 0.24960000000000002, 0.000111, 0.2105, 1.2309999999999999, 234.00300000000001, 
Laddi, 1, 0.824, 0.621, 6.975, 0.031, 0.483, 1.17e-06, 0.112, 0.909, 102.177, 
Helgi Bj√∂rnsson, 1, 0.455, 0.553, 8.736, 0.0267, 0.0963, 1.02e-06, 0.116, 0.555, 161.937, 
√ç sv√∂rtum f√∂tum, 1, 0.479, 0.631, 14.307, 0.0276, 0.00694, 0.0, 0.113, 0.64, 144.019, 
Ruth Reginalds, 1, 0.594, 0.391, 12.688, 0.0259, 0.106, 0.0, 0.166, 0.205, 89.997, 
Birgitta Haukdal, 1, 0.818, 0.416, 13.45, 0.0295, 0.0434, 2.86e-05, 0.0615, 0.85, 95.99, 
Bj√∂rgvin Halld√≥rsson, 1, 0.612, 0.443, 10.668, 0.0263, 0.212, 0.000142, 0.285, 0.641, 93.503, 
Eyj√≥lfur Kristj√°nsson, 1, 0.605, 0.615, 11.698, 0.0351, 0.371, 2.34e-06, 0.121, 0.439, 145.158, 
Geisha Cartel, 1, 0.846, 0.695, 10.509, 0.0681, 0.392, 0.000264, 0.125, 0.739, 146.973, 
Baggal√∫tur, 1, 0.475, 0.744, 6.936, 0.0462, 0.174, 0.0, 0.0621, 0.925, 114.392, 
Charly Black, 1, 0.723, 0.889, 4.017, 0.0939, 0.0673, 0.0, 0.363, 0.701, 101.032, 
Cali Y El Dandee, 1, 0.724, 0.84, 3.581, 0.0392, 0.053, 0.0, 0.727, 0.835, 92.01, 
C. Tangana, 1, 0.836, 0.731, 4.572, 0.133, 0.238, 2.19e-05, 0.0698, 0.473, 100.974, 
Demarco Flamenco, 1, 0.593, 0.785, 5.896, 0.131, 0.455, 0.0, 0.0682, 0.765, 94.869, 
Dasoul, 1, 0.817, 0.804, 4.372, 0.0651, 0.137, 1.4e-05, 0.0917, 0.57, 104.996, 
Abraham Mateo, 1, 0.69, 0.872, 2.984, 0.0588, 0.226, 0.0, 0.0858, 0.731, 94.0, 
Pablo Albor√°n, 2, 1.462, 1.374, 14.798, 0.1172, 0.464, 4.66e-05, 0.53, 1.154, 199.99, 
Juan Mag√°n, 1, 0.675, 0.724, 5.503, 0.0787, 0.0166, 0.0, 0.697, 0.506, 92.051, 
Yzomandias, 2, 1.212, 1.459, 13.774000000000001, 0.36160000000000003, 0.1623, 0.0, 0.457, 0.626, 298.40999999999997, 
Ian Erix, 1, 0.553, 0.901, 4.836, 0.0565, 0.000469, 0.0, 0.14, 0.38, 132.931, 
Miquela, 1, 0.734, 0.439, 8.285, 0.0646, 0.698, 4.34e-05, 0.125, 0.454, 82.469, 
Dƒ>tsk√Ω sbor Camerata, 3, 1.389, 0.6478999999999999, 40.595, 0.12819999999999998, 2.612, 0.0, 0.6739999999999999, 1.596, 294.375, 
JP Cooper, 1, 0.623, 0.654, 5.675, 0.0372, 0.0545, 0.0, 0.0838, 0.401, 95.921, 
Sigala, 1, 0.708, 0.868, 3.287, 0.0431, 0.0313, 0.0, 0.122, 0.72, 124.994, 
MK, 1, 0.703, 0.832, 7.202, 0.0689, 0.00149, 0.127, 0.0696, 0.667, 122.029, 
Elton John, 1, 0.532, 0.926, 5.536, 0.0357, 0.112, 9.84e-06, 0.318, 0.814, 140.137, 
CamelPhat, 1, 0.706, 0.74, 7.904, 0.0325, 0.0245, 0.512, 0.135, 0.444, 122.007, 
Ronnie Flex, 8, 6.4110000000000005, 5.021, 50.948, 1.4290000000000003, 1.3380000000000003, 5.91e-06, 1.024, 4.592, 856.0220000000002, 
Broederliefde, 9, 6.47, 5.824, 67.924, 2.2517, 1.45538, 1.814e-05, 1.0991, 4.558, 924.254, 
F1rstman, 1, 0.785, 0.666, 4.991, 0.0468, 0.309, 0.0, 0.338, 0.76, 101.154, 
Jairzinho, 1, 0.861, 0.881, 5.411, 0.168, 0.137, 0.00379, 0.0938, 0.834, 122.945, 
LouiVos, 1, 0.931, 0.805, 5.73, 0.206, 0.111, 0.0, 0.0882, 0.791, 122.087, 
SBMG, 2, 1.698, 1.671, 9.075, 0.673, 0.1625, 0.0, 0.929, 1.5110000000000001, 251.053, 
SFB, 4, 3.048, 3.2079999999999997, 17.673000000000002, 0.7847, 0.44499999999999995, 4.03e-05, 0.4987, 2.5700000000000003, 509.099, 
Dopebwoy, 1, 0.849, 0.778, 5.443, 0.217, 0.0358, 1.43e-06, 0.126, 0.634, 126.842, 
Equalz, 2, 1.597, 1.4340000000000002, 10.371, 0.3453, 0.65, 5.46e-05, 0.1859, 1.642, 185.06400000000002, 
Ali B, 1, 0.778, 0.752, 6.554, 0.0567, 0.0193, 0.0, 0.288, 0.505, 100.005, 
Lijpe, 2, 1.794, 1.6669999999999998, 12.751, 0.626, 0.1476, 6.67e-05, 0.10619999999999999, 1.2309999999999999, 250.02100000000002, 
Josylvio, 1, 0.726, 0.691, 4.753, 0.275, 0.626, 0.0, 0.0735, 0.384, 99.728, 
Frenna, 4, 3.0949999999999998, 2.7310000000000003, 24.532, 0.74, 0.751, 5.23e-06, 0.6132, 2.879, 508.68, 
Jonna Fraser, 3, 2.5090000000000003, 2.297, 19.492, 0.374, 0.3164, 0.0016257, 0.5868, 1.932, 362.005, 
Famke Louise, 2, 1.525, 0.99, 18.727, 0.1608, 0.731, 0.0376, 0.16570000000000001, 1.0170000000000001, 285.916, 
Bruce Springsteen, 1, 0.355, 0.668, 8.444, 0.0482, 0.362, 1.23e-06, 0.727, 0.413, 139.734, 
Puri, 1, 0.847, 0.573, 6.032, 0.253, 0.00739, 0.0149, 0.0845, 0.332, 99.919, 
Pil C, 8, 5.566000000000001, 5.606, 55.987, 2.3964, 1.9729999999999999, 0.00221056, 2.292, 2.998, 1007.2479999999999, 
Samey, 2, 1.341, 0.921, 17.131, 0.3455, 0.2723, 4.53e-05, 0.223, 0.2602, 229.878, 
Ego, 8, 5.233, 6.399, 41.260999999999996, 1.7187999999999999, 0.9803, 0.0, 2.674, 4.367000000000001, 884.8050000000001, 
Jos√© Feliciano, 1, 0.485, 0.857, 7.059, 0.0442, 0.534, 0.0, 0.347, 0.963, 148.749, 
Silvestre Dangond, 2, 1.295, 1.825, 5.1850000000000005, 0.1871, 0.2133, 0.0, 0.44689999999999996, 1.5350000000000001, 191.887, 
Xantos, 1, 0.688, 0.719, 4.746, 0.0555, 0.163, 0.0, 0.15, 0.605, 88.015, 
Greeicy, 1, 0.8, 0.681, 4.076, 0.0912, 0.14, 0.0, 0.0831, 0.637, 92.027, 
Keala Settle, 1, 0.284, 0.704, 7.276, 0.186, 0.00583, 0.000115, 0.0424, 0.1, 191.702, 
Raisa, 1, 0.482, 0.696, 4.665, 0.0358, 0.438, 0.0, 0.0893, 0.253, 155.95, 
EXO, 2, 1.505, 1.7029999999999998, 8.711, 0.1047, 0.07, 7.319999999999999e-05, 0.13490000000000002, 1.405, 291.945, 
Payung Teduh, 3, 1.595, 1.9180000000000001, 21.96, 0.1981, 1.5539999999999998, 0.09539000000000002, 0.39499999999999996, 1.977, 259.885, 
El Alfa, 4, 3.075, 3.752, 11.433, 0.4581, 0.9558, 0.8758699999999999, 0.537, 2.249, 496.737, 
Arcangel, 2, 1.6139999999999999, 1.109, 16.461, 0.554, 0.799, 0.0, 0.955, 1.178, 240.114, 
Revol, 1, 0.768, 0.735, 2.511, 0.0669, 0.202, 0.0, 0.0557, 0.303, 129.99, 
Ceky Viciny, 1, 0.866, 0.838, 3.958, 0.125, 0.172, 0.00177, 0.245, 0.597, 119.989, 
Jory Boy, 1, 0.748, 0.69, 3.812, 0.0477, 0.0353, 0.0, 0.315, 0.433, 131.972, 
Bryant Myers, 1, 0.662, 0.628, 3.889, 0.0468, 0.145, 0.0, 0.274, 0.202, 139.898, 
Gigolo Y La Exce, 1, 0.714, 0.624, 5.413, 0.0651, 0.39, 0.0, 0.12, 0.5, 140.984, 
Goldy Boy, 1, 0.751, 0.485, 11.907, 0.249, 0.408, 0.0, 0.0863, 0.534, 84.967, 
Musicologo The Libro, 1, 0.894, 0.723, 5.61, 0.0917, 0.246, 0.00475, 0.15, 0.487, 116.003, 
To√±o Rosario, 1, 0.648, 0.951, 1.565, 0.233, 0.527, 0.0, 0.0707, 0.966, 165.364, 
Stormzy, 3, 1.9729999999999999, 2.684, 11.264, 0.685, 0.5772999999999999, 0.000163, 0.2611, 1.8279999999999998, 408.53600000000006, 
J HUS, 1, 0.579, 0.579, 6.787, 0.394, 0.387, 0.0, 0.17, 0.842, 104.757, 
Rudimental, 1, 0.619, 0.858, 5.28, 0.0929, 0.00791, 0.0, 0.173, 0.23, 106.017, 
Yungen, 1, 0.497, 0.59, 7.564, 0.258, 0.1, 0.0, 0.0714, 0.585, 99.638, 
James Hype, 1, 0.81, 0.885, 4.583, 0.108, 0.101, 0.0, 0.268, 0.447, 122.985, 
Chris Brown, 1, 0.614, 0.598, 6.335, 0.0561, 0.00543, 0.0, 0.1, 0.565, 105.803, 
Mabel, 1, 0.837, 0.575, 6.665, 0.0951, 0.0497, 2.09e-06, 0.0861, 0.648, 108.005, 
Big Shaq, 1, 0.895, 0.885, 4.182, 0.268, 0.11, 4.04e-05, 0.106, 0.633, 134.973, 
Ramz, 1, 0.527, 0.465, 8.055, 0.227, 0.175, 0.0, 0.0661, 0.765, 137.033, 
Jerry Smith, 1, 0.855, 0.506, 5.303, 0.345, 0.00579, 0.0, 0.101, 0.699, 160.088, 
Peking Duk, 1, 0.528, 0.874, 3.028, 0.0456, 0.045, 0.0, 0.0888, 0.376, 105.042, 
Pnau, 1, 0.718, 0.934, 3.153, 0.0379, 0.00149, 0.000131, 0.324, 0.239, 119.989, 
Amy Shark, 1, 0.592, 0.438, 10.054, 0.0391, 0.193, 0.0, 0.0564, 0.259, 67.445, 
Snakehips, 1, 0.657, 0.703, 3.402, 0.0753, 0.222, 0.0, 0.256, 0.338, 122.381, 
Halsey, 2, 1.3330000000000002, 1.16, 9.768, 0.0812, 0.20700000000000002, 4.27e-06, 0.264, 0.905, 220.07, 
Idina Menzel, 1, 0.553, 0.476, 8.869, 0.0649, 0.647, 0.0, 0.281, 0.558, 113.401, 
The xx, 2, 1.35, 1.3900000000000001, 14.565999999999999, 0.0652, 0.3482, 0.19206410000000002, 0.34, 0.733, 255.13100000000003, 
The Ludvig, 1, 0.545, 0.446, 8.336, 0.0468, 0.345, 0.0, 0.187, 0.247, 134.148, 
Triana Park, 1, 0.706, 0.644, 7.045, 0.0372, 0.0136, 3.2e-05, 0.187, 0.357, 126.02, 
Aleete, 1, 0.582, 0.00772, 12.678, 0.324, 0.689, 0.967, 0.06, 0.176, 69.507, 
Kyle Edwards, 1, 0.809, 0.788, 5.127, 0.0457, 0.354, 0.0905, 0.181, 0.465, 126.056, 
Mani, 1, 0.559, 0.787, 3.828, 0.295, 0.165, 0.0, 0.101, 0.591, 88.047, 
Ewert and the Two Dragons, 1, 0.648, 0.727, 6.235, 0.0555, 0.0203, 0.000978, 0.11, 0.714, 113.901, 
starRo, 2, 1.576, 0.711, 21.622999999999998, 0.159, 0.6960000000000001, 0.071199, 1.147, 0.785, 185.041, 
"PrƒÅta Vƒ""tra", 1, 0.538, 0.644, 6.359, 0.0398, 0.18, 0.00335, 0.108, 0.345, 89.926, 
Lil Peep, 1, 0.602, 0.762, 6.149, 0.0347, 0.0498, 0.00819, 0.121, 0.112, 92.02, 
Hones-T, 2, 1.5339999999999998, 1.583, 10.201, 0.09140000000000001, 0.08033000000000001, 2.64e-06, 0.2288, 0.8360000000000001, 247.933, 
MaWayy, 1, 0.619, 0.844, 4.508, 0.0366, 0.0536, 0.000782, 0.362, 0.388, 103.013, 
Exiled, 1, 0.494, 0.693, 5.801, 0.0523, 0.0129, 0.000336, 0.965, 0.461, 127.952, 
G.a.R., 1, 0.756, 0.698, 5.31, 0.382, 0.0354, 0.0, 0.345, 0.193, 133.991, 
JJ Hannon, 1, 0.564, 0.627, 5.981, 0.0257, 0.119, 0.0, 0.0952, 0.586, 140.119, 
Young DrA, 1, 0.739, 0.869, 4.805, 0.205, 0.368, 0.0, 0.0865, 0.623, 130.011, 
TIFFANY BYNOE, 1, 0.411, 0.757, 8.796, 0.14, 0.0275, 0.000947, 0.0978, 0.652, 173.734, 
Luca Testa, 1, 0.68, 0.512, 8.826, 0.0514, 0.57, 0.0, 0.0988, 0.0774, 122.076, 
–≠–ª–¥–∂–µ–π, 1, 0.831, 0.719, 5.427, 0.0545, 0.318, 0.000663, 0.107, 0.329, 115.056, 
Monsieur Job, 1, 0.849, 0.605, 6.896, 0.16, 0.023, 0.111, 0.0251, 0.393, 99.989, 
Marcus & Martinus, 1, 0.612, 0.756, 4.309, 0.0689, 0.0752, 0.0, 0.427, 0.542, 99.988, 
Charmaine Fong, 2, 1.154, 0.881, 16.891, 0.06459999999999999, 1.593, 0.0, 0.2133, 0.5509999999999999, 272.757, 
Dear Jane, 1, 0.458, 0.755, 5.335, 0.0344, 0.00404, 0.0, 0.326, 0.352, 143.909, 
Jason Chan, 1, 0.626, 0.392, 9.621, 0.0297, 0.718, 2.72e-06, 0.141, 0.252, 94.484, 
Ryan Gosling, 1, 0.483, 0.121, 15.133, 0.0349, 0.91, 0.0, 0.0885, 0.419, 106.032, 
La La Land Cast, 1, 0.584, 0.752, 6.689, 0.058, 0.018, 3.73e-06, 0.647, 0.791, 125.797, 
ToNick, 1, 0.498, 0.77, 4.55, 0.0434, 0.347, 0.0, 0.34, 0.503, 144.07, 
Kris Wu, 1, 0.677, 0.697, 5.63, 0.0321, 0.0198, 0.0, 0.144, 0.61, 134.0, 
